sample_id,genotype,block_number,replica_number,dev_stage,dev_group,leaf_number,leaf_zone,dag,tissue_designation,developmental_stage_dap,Acylcarnitine_12_1,CE_20_3,CE_20_4,CUDA,Ceramide,Ceramide_36_3,Ceramide_38_3,Cholesterol,DGDG_32_0,DGDG_32_1,DGDG_34_0,DGDG_34_1,DGDG_34_2,DGDG_34_4,DGDG_34_5,DGDG_36_1,DGDG_36_2,DGDG_36_3,DGDG_36_4,DGDG_36_6,DGDG_38_2,DGDG_38_5,DGDG_38_6,DGDG_40_2,DGDG_42_2,DGDG_42_3,DGDG_44_2,DG_18_1,DG_24_0,DG_34_1,DG_34_2,DG_34_3,DG_34_4,DG_36_2,DG_36_3,DG_36_4,DG_36_5,DG_36_6,GlucCeramide_34_3,GlucCeramide_36_3,GlucCeramide_38_3,GlucCeramide_40_1,GlucCeramide_40_3,GlucCeramide_42_3,LPC_16_0,LPC_17_0,LPC_18_0,LPC_18_1,LPC_18_2,LPC_18_3,LPC_20_1,LPE_17_1,MGDG_34_1,MGDG_34_2,MGDG_34_3,MGDG_34_4,MGDG_34_6,MGDG_36_3,MGDG_36_4,MGDG_36_6,MGDG_36_7,MGDG_38_1,MGDG_38_5,MGDG_38_6,PC_30_0,PC_32_0,PC_32_1,PC_32_2,PC_34_0,PC_34_1,PC_34_2,PC_34_3,PC_34_4,PC_36_1,PC_36_2,PC_36_4,PC_36_5,PC_36_6,PC_38_2,PC_38_3,PC_38_4,PC_38_5,PC_40_6,PC_42_3,PC_44_2,PE_34_0,PE_34_1,PE_34_2,PE_34_4,PE_36_2,PE_36_3,PE_36_5,PE_36_6,PE_38_7,PE_42_3,PE_44_2,PG_32_0,PG_32_1,PG_34_2,PG_34_3,PG_34_4,PG_34_5,PG_36_6,PG_36_7,PS_42_2,SQDG_32_0,SQDG_32_1,SQDG_34_1,SQDG_34_3,SQDG_34_4,SQDG_36_3,SQDG_36_4,SQDG_36_5,SQDG_38_6,Sphingosine_17_1,Sphingosine_35_1,TG_42_0,TG_44_1,TG_46_0,TG_46_1,TG_46_2,TG_46_3,TG_48_0,TG_48_1,TG_48_2,TG_48_3,TG_48_5,TG_48_6,TG_50_0,TG_50_1,TG_50_2,TG_50_3,TG_50_4,TG_50_5,TG_51_1,TG_52_0,TG_52_1,TG_52_2,TG_52_3,TG_52_4,TG_52_5,TG_52_6,TG_54_1,TG_54_2,TG_54_3,TG_54_4,TG_54_5,TG_54_6,TG_54_7,TG_54_8,TG_54_9,TG_56_3,TG_56_4,TG_56_5,TG_56_6,TG_56_7,TG_56_8,TG_58_1,TG_58_6
D11B110B,B73,1,1,11,3,10,base,58,B73_11_12,58,0.000971898,0.000658327,0,0.00651122,0,0.000506894,0.000648551,0.000251296,0.014051431,4.67E-05,0.000539449,0.002533396,0.028350491,0.000917151,0.000157592,0.000531628,0.001588969,0.025948487,0.007870792,0.084325887,3.53E-05,0.000336984,0.001411532,0.000223776,0.00121508,0.000183987,0.000452294,0,0.000361669,0,0.003357136,0.001462123,0.000381466,0.000309562,0.000158227,0.002631402,0.007944748,0.001259757,0.000902438,0.008424905,0.00725196,0,0.003849268,0.001050449,0.001827605,5.98E-05,0.000114039,0.003187861,0.070652354,0.011676898,0,0,0.000479325,0.00633217,0.043631519,0.00069054,0.00066957,0.00212177,0.028071528,0.08331508,7.91E-05,0.001953522,0.000767087,0.001297493,0.000149771,0.00141378,0.000462071,0.000493745,0.000141168,0.01054775,0.056223564,0.063204089,0.000579776,0.00084295,0.013283757,0.000783511,0.034856872,0.007739791,0.000298124,0.00066825,0.001673729,0.001487493,3.41E-05,0.000294458,0.000327208,0,0.000889582,0.00653786,0.001327261,0.000126406,0.000348374,0.000387527,8.71E-05,0.000237854,4.74E-05,2.76E-05,0.006185967,0.003701257,0.010460498,0.026612827,0.034653186,2.59E-05,0.000181886,0,0.001275154,0.034128988,0.000488515,0.000548736,0.062179302,0.000147034,0.002582179,0.00293764,0.008060498,0.000154952,0,0,0.000159498,0,0.000566236,0.000404244,0.00035551,0.002334988,0.000487928,0.000843879,0.000577527,0.000216689,0.000147962,0.000117265,0.000402876,9.18E-05,0.002094641,0.000392269,2.05E-05,9.67E-05,0,0.0007119,0.000172647,0.000690393,0.002230677,0.01681921,0.016031837,0.003267097,0.000153584,0.000260486,0.000582268,0.001631642,0.003744223,0.017532675,0.034661544,0.013821544,0.000666637,6.13E-05,0.000166879,0.000228029,0.000317628,0.000251003,0,7.72E-05,0.000220062
D11B110C,B73,1,1,11,3,10,center,58,B73_11_12,58,0.00143115,0.001366783,2.54E-05,0.004732342,0,0.000282561,0.000418194,6.61E-05,0.011550221,0.000171633,0.000866915,0.000948087,0.016288999,0.00124857,0.000136674,0.000219041,0.001530322,0.039635886,0.004787805,0.066489864,0.000144537,0.000447834,0.001920071,6.22E-05,0.000546351,0.000209868,0.000524574,5.50E-05,0.000225324,6.48E-05,0.001317023,0.002210687,0.000284141,0.000294972,0.00021908,0.003359623,0.006121557,0.001996772,0.0007001,0.004354965,0,0,0.002321576,0.000855815,0.001777114,0,0.000271691,0.00236143,0.065341313,0.033908589,8.48E-05,0,0.000271113,0.004549878,0.028960328,0.001253774,0.000837661,0.003723587,0.019031661,0.052286016,0.000612838,0.001305653,0.000763349,0.001505346,0.000115668,0.001219971,0.000253807,0.000637891,0.000138178,0.00865566,0.0428349,0.062161609,0.000807057,0.001011067,0.027084042,0.001132401,0.03913837,0.016161074,0.000491118,0.000628756,0.001488926,0.001989603,3.30E-05,0.000110041,0.000183466,5.46E-05,0.000304762,0.001686653,0.001919262,9.33E-05,0.000111737,0.000223474,0,9.56E-05,0,0,0.006730424,0.0067406,0.016294896,0.021166148,0.041531097,0.000376645,0.00020902,9.20E-05,0,0.033174648,0.000288573,0.000388131,0.057545476,0.000318175,0.005669483,0.003510674,0.011586837,0.00021511,0,0,0.00010002,0,0.000235692,0.000174601,0.000136212,0.003291903,0.000430837,0.00028788,9.28E-05,4.42E-05,0.000150974,0.000121565,0.000359493,2.81E-05,0.002010763,0.000436233,0.000149741,0.000152169,0,0.000418079,8.77E-05,0.000591755,0.002714101,0.019000633,0.027085892,0.005611552,0.000110118,0.000230335,0.000524882,0.002260254,0.005604113,0.026597395,0.040600008,0.041316758,0.00137453,0,0.000179727,0.000235384,0.000231606,0.000389749,0,0.000675047,7.37E-05
D11B110T,B73,1,1,11,3,10,tip,58,B73_11_12,58,0.008831975,0.002373917,0,0.004661424,0,0.000329635,0.000476603,7.72E-05,0.01162681,0.000148609,0.000630035,0.000639084,0.012041961,0.001019979,0,9.41E-05,0.000844521,0.02218805,0.003703444,0.085768583,9.69E-05,0.000317354,0.001458597,7.07E-05,0.000635255,0.000201261,0.000495546,6.68E-05,0.000288915,5.24E-05,0.001118223,0.001843121,0.000419128,0.000189329,0.000162381,0.001865643,0.00535122,0.005357435,0.000662004,0.005546118,0.004208735,0,0.002421249,0.000923077,0.001925704,6.59E-05,0.000126733,0.002791703,0.066301486,0.021551054,0,0,0.000329585,0.003754804,0.025512986,0.000959222,0.000717092,0.001287415,0.015134562,0.051023039,0.000476504,0.001448703,0.000534078,0.001089386,0.000268978,0.000922779,0.000200515,0.000306615,0.00019445,0.005972107,0.066637137,0.066184051,0.000502208,0.000507081,0.008538038,0.000375625,0.0403732,0.010211121,0.000297019,0.000278574,0.000688952,0.001248187,0.000368763,0,0.000161934,4.85E-05,0.000160641,0.001027635,0.002008087,0,0,0.000122954,4.12E-05,0,0,0,0.006946692,0.007190612,0.015346711,0.019737119,0.031251813,0.000899013,0.000207675,0,0,0.034493122,0.000318846,0.000361753,0.048790521,0,0.003280488,0.002655275,0.001159489,0,0,0,0.000108834,0,0.000400882,0.000420968,0.000212846,0.005042666,0.000221696,0.000464173,0.000363443,0.000115496,0.000154028,0.00044006,0.000436082,0,0.002446109,0.000863812,0.000202355,0.000162083,6.58E-05,0.000401727,0.000242577,0.000668567,0.003861351,0.029438176,0.039512371,0.008699524,0.000141698,0.000233976,0.000549988,0.00267213,0.007607752,0.025397688,0.054596618,0.044873983,0.001684419,5.04E-05,0.000191467,0.000336844,0.000452987,0.000423305,2.81E-05,0.00094371,0.000346489
D11B112B,B73,1,1,11,3,12,base,58,B73_13_12,58,0.00146907,0.000359641,0,0.009138642,0,0.000755083,0.000938937,0.000341993,0.008223278,0.000187888,0.000328379,0.005133175,0.03388102,0.000435528,0,0.001175546,0.002280753,0.010690784,0.008614811,0.108527044,0.000255329,0.000225012,0.000470635,0.000117359,0.000702706,7.41E-05,0.000780042,0,0.000515259,0.000235727,0.003659944,0.001228238,0.00012694,0.000385546,0.000699554,0.005756527,0.007045714,0.000531898,0.001267127,0.010227713,0.007213749,0,0.003202483,0.000927781,0.00467023,0.000106644,0.000248081,0.009162467,0.039709652,0.002591925,0,0,0.001188026,0.006678321,0.023404218,0.000878556,0.000330144,0.004847781,0.031965077,0.096001876,0,0.001903211,0.000303672,0.000418888,0.000227029,0.009836053,0.001090395,0.001067074,0.000317538,0.05211286,0.052223034,0.059634945,0.000301214,0.002957806,0.024444884,0.003181305,0.033869108,0.004549467,0.000408425,0.001533612,0.001896909,0.00051091,6.52E-05,0.000176291,0.000250034,0,0.001274627,0.013201465,0.003075921,0.000156185,0.000386996,0.000331215,0,0.000142003,7.84E-05,0,0.005700432,0.000783887,0.011072044,0.022690735,0.005469558,0,0.000201061,0,0.000868534,0.018852672,0.000534861,0.000970451,0.038427651,0,0.001310301,0.001718412,0.003050143,0,0,0,0.000106833,0,0.000238374,0.000490425,0.000121078,0.001751943,0.000750734,0.000847419,0.000439183,0.000132486,9.76E-05,6.61E-05,0.000623983,4.63E-05,0.004059861,0.000616546,0.000238563,0.000124292,2.72E-05,0.000636715,0.000259741,0.00104993,0.007524606,0.029927363,0.012430058,0.001517855,0.000159588,0.000262451,0.000811871,0.003281332,0.010784507,0.035704501,0.032105379,0.00768911,0.000234466,0,0.000257661,0.000324975,0.00022829,0.000160408,0,0.000351952,2.71E-05
D11B112C,B73,1,1,11,3,12,center,58,B73_13_12,58,0.002274604,0.001262674,0,0.004087077,0,0.000327074,0.000453368,8.39E-05,0.010425891,1.70E-05,0.000750848,0.001240997,0.013844177,0.000940443,0.0001399,0.000138785,0.001339965,0.021251803,0.004466037,0.066301359,5.91E-05,0.000357091,0.001487821,3.87E-05,0.000487229,0.000154351,0.000466513,0,0.000219804,0,0.000935101,0.001451424,0.00042535,0.000366238,0.00018333,0.003114965,0.006311141,0.00222072,0.00073728,0.004978056,0.003827763,0,0.002762294,0.000930335,0.002057029,0,0.000358244,0.00356153,0.065874395,0.027377807,0,0,0.000306742,0.005048967,0.030087524,0.001060357,0.000753461,0.001853252,0.023102403,0.076255548,0.000427656,0.001699938,0.00083498,0.001408723,0.00014063,0.00151165,0.00027269,0.000520205,0.000131137,0.00917198,0.042702119,0.051167411,0.000703074,0.001093065,0.028431362,0.00113123,0.051255156,0.009282708,0.000462016,0.000769104,0.002019556,0.001761586,6.24E-05,0.0001178,0.000202432,8.14E-05,8.04E-05,0.001238845,0.001979277,7.33E-05,0.000141091,0.00014236,0,7.49E-05,0,0,0.006381091,0.004786923,0.013942184,0.026971752,0.03824004,0.000461824,0.00028545,0,0,0.030018765,0.000287064,0.000391912,0.052884145,0.000193977,0.004322793,0.003408639,0.008813505,5.01E-05,0,0,0.000124334,0,0.000317696,0.000358282,0.000140976,0.003134605,0.000523741,0.000542458,0.000385993,0.000101735,0.000247477,0.000172876,0.000357052,2.61E-05,0.002108415,0.000451946,0.000220227,0.000187789,4.87E-05,0.000361395,0.000118723,0.000675863,0.004573691,0.026626306,0.025516369,0.004216946,0.000108768,0.000178219,0.000702959,0.004164484,0.01131856,0.037523437,0.041466233,0.029146581,0.000823411,0,0.000275918,0.000381958,0.000235293,0.000563828,0,0.00043073,4.97E-05
D11B112T,B73,1,1,11,3,12,tip,58,B73_13_12,58,0.000950095,0.001244175,0,0.00434209,0,0.000373813,0.000527916,7.23E-05,0.012120996,4.15E-05,0.000681205,0.001047021,0.015055996,0.00109692,0,0.000295995,0.000946073,0.02979167,0.00499868,0.082611471,0.000132745,0.000395314,0.001815573,8.20E-05,0.001080398,0.00018523,0.000328176,0,0.00026142,0,0.003307616,0.00160319,0.000474952,0.000278899,0.000399672,0.00251986,0.007287481,0.00459714,0.000834207,0.006093445,0.006119017,0,0.003677262,0.000940039,0.001848855,0,0.000207067,0.002967564,0.064008277,0.013320971,0,0,0.000267454,0.004006635,0.023748987,0.001070629,0.000655346,0.001586477,0.018494537,0.084890695,0.000419067,0.001596103,0.000724352,0.001217358,0,0.000431374,0.000198543,0.000425053,0.000117469,0.006121411,0.061134142,0.055441997,0.000615694,0.000652616,0.011529868,0.000690543,0.037537439,0.007366975,0.000306435,0.000456515,0.00096111,0.00135154,0.000400247,0.000183554,0.00027411,7.52E-05,0.000288333,0.000978732,0.002140923,0,0,0.000113398,0,0,2.80E-05,2.62E-05,0.006650046,0.005608053,0.016337332,0.025308551,0.036877735,0.000872278,4.25E-05,0,0,0.037201984,0.000415475,0.000480794,0.060188021,0.000249879,0.004654462,0.004552461,0.012368337,4.18E-05,0,0,0.000112441,0,0.000322046,0.000307775,0.000186954,0.004093504,0.000395027,0.000317257,0.000305429,0.00012039,0.000120582,0.00015985,0.000399193,4.48E-05,0.00158461,0.000591703,8.86E-05,0.000155157,2.77E-05,0.000735845,0.000152475,0.000550567,0.003062478,0.024541723,0.016223694,0.004745641,8.85E-05,0.000109903,0.000457521,0.002500992,0.007373105,0.029422168,0.048661074,0.027270757,0.001212234,0,0.000172061,0.000343979,0.00045594,0.000324201,3.52E-05,0.000434535,0.00045345
D11B14B,B73,1,1,11,3,4,base,58,B73_5_12,58,0.000179577,0.002654638,0,0.008974848,0,0.000518951,0.000459916,4.40E-05,0.010150832,0.000116602,0.000523896,0.000473593,0.01328339,0.00074435,6.19E-05,5.73E-05,0.000722018,0.028265964,0.002651393,0.133298525,0.000135919,0.000236371,0.001042769,7.28E-05,0.000712978,0.00041788,0.000433335,0,0.000531237,0,0,0.001404783,0.000153846,0.000133756,8.96E-05,0.000774717,0.002931345,0.001926438,0.000593362,0.00451385,0,0,0.001390411,0.000538732,0.001199165,2.68E-05,6.26E-05,8.01E-05,0.00914523,0.007343352,0,0,0.000184754,0.002159564,0.02602032,0.000479697,0,0.001886025,0.005797473,0.141108207,0.000436812,0.000734536,0.000130047,0.000618553,0,0.00075254,0.000113279,0.000267898,0.000206622,0.00333663,0.112455734,0.119488226,0.000131979,0.000484179,0.005976432,0,0.053507317,0.027019432,0.000274311,0.000100684,0.000400031,0.00106935,0.000178882,0.000168759,0.000131051,6.95E-05,0.000618784,0.004339605,0.00277433,0,0.000268284,0.000567786,0,0.000193254,0,4.61E-05,0.003770119,0.004608507,0.007173897,0.010061661,0.023248385,0.000184059,0,0,0,0.027217477,0.000325465,0,0.047468064,0.000186918,0.00286551,0.000990071,0.002543059,0.00014836,0,0,0.0001778,0,0.000571727,0.000623807,0.000380018,0.002389676,0.000772012,0.000965035,0.000598617,0.000148128,7.78E-05,0.000404899,0.000509369,7.19E-05,0.00175652,0.000753699,0.000138237,8.33E-05,0,0.000519569,0.000302901,0.000707569,0.001417301,0.007034655,0.018285282,0.012038325,0.00020075,0.000210717,0.000120852,0.000729745,0.001574315,0.00518827,0.02452683,0.029018813,0.002405053,4.47E-05,9.79E-05,0.000150137,0.000181355,0.000130433,0,5.46E-05,0.000275857
D11B14C,B73,1,1,11,3,4,center,58,B73_5_12,58,0.000101342,0.003482148,0,0.006515391,0,0.0004769,0.000543382,3.70E-05,0.01568685,0.000114187,0.000742389,0.000642126,0.018972149,0.001165799,0.000105019,0.000165079,0.001209483,0.03816169,0.003552406,0.084581487,0,0.000131249,0.001604554,0,0.001017291,0.000529556,0.000793722,0,0.000398405,6.50E-05,0.000813872,0.002299876,0.000204939,0.000145516,0.000152233,0.000873834,0.004781843,0.003652865,0.00082559,0.006656495,0.004061566,0,0.002362926,0.000831621,0.001063868,0,0.000133357,0.000760676,0.025448023,0.027916459,0,0,0.000261763,0.00361575,0.049640771,0.000565935,0,0.003699099,0.008049001,0.090806483,0.000610453,0.001095737,0.000350701,0.00077818,0,0.000782053,9.18E-05,8.53E-05,0.000192976,0.00333972,0.075233967,0.080760308,0.00041532,0.000370655,0.00501012,0,0.037157391,0.020346122,0.000248476,0.000179444,0.000361291,0.001082107,3.40E-05,0,0.000112569,9.29E-05,0.000515093,0.003351242,0.000929089,0.000255585,0.000301966,0.000605796,0.000258919,0.000167334,6.98E-05,0,0.005645578,0.005873413,0.008548062,0.011369208,0.030037626,0,0.000118061,0,0,0.045465312,0.000333246,0.000345258,0.067113679,7.00E-05,0.004547487,0.001081568,0.000428901,0.000189936,0,0,0.000111589,0,0.000405416,0.00042238,0.000247692,0.004284008,0.000590744,0.000556816,0.000348837,0.000153165,7.23E-05,0.000215039,0.000582801,0,0.001840773,0.001466882,0.000143849,0.000175767,1.85E-05,0.000324814,0.000222295,0.000676053,0.001348233,0.01041889,0.032176394,0.02306676,0.000112864,0.000200036,0.000346386,0.000768766,0.002491234,0.004823615,0.024829823,0.043919543,0.004023863,6.65E-05,0.000125366,0.000248574,0.000486951,0.000149439,0,0,0.000764452
D11B14T,B73,1,1,11,3,4,tip,58,B73_5_12,58,0.000188139,0.002111656,0,0.006981945,0,0.000577701,0.000577119,2.76E-05,0.012507624,9.75E-05,0.000694448,0.000509219,0.014692049,0.000906825,8.98E-05,0.000115265,0.001623288,0.045959124,0.002773927,0.091294347,0.000142785,0.000269269,0.001371748,0,0.000625066,0.000470374,0.001144976,0,0.000348864,0,0.000564629,0.002348801,0.00015448,7.63E-05,0.000168399,0.000753615,0.003904402,0.00325261,0.00084697,0.006940877,0.003495153,0,0.001805183,0.000811829,0.001261881,0,0.000126749,3.82E-05,0.005516365,0.006159954,0,0,0.000267734,0.003418045,0.057802731,0.000553727,0,0.007832513,0.008141315,0.077267215,0.000495989,0.001186044,0.000388609,0.000783093,0,0.000325208,0.000126961,0.000140403,0.000231588,0.004570377,0.092066961,0.090329889,0.000434546,0.000862847,0.016988933,0,0.063721306,0.043966702,0.000368181,0.000400146,0.000248629,0.001167838,0,0.00014506,0.000144849,0.000104628,0.001024789,0.009092278,0.00082072,0.000379824,0.001489183,0.001835878,0.000895235,0.000437721,0.00041687,0,0.003227313,0.00371584,0.004844462,0.008285159,0.022643584,0,0,0,0.000739749,0.032749167,0.000283929,0,0.055227528,0,0.004797309,0.000733504,0.004870394,0,0,0,0.000122462,0,0.00037395,0.000383158,0.000173533,0.00464468,0.000247306,0.000554309,0.000364424,0.000161202,9.21E-05,0.000271704,0.000602257,3.21E-05,0.002234383,0.002076357,0.000112989,0.000158926,0,0.000738426,0.00021931,0.000854432,0.002182043,0.008933352,0.028495319,0.025080078,0.000154428,0.000278583,0.000260272,0.0012251,0.003254198,0.006710135,0.018281615,0.028714576,0.00299546,0.000111507,0.000122409,0.000288745,0.000687674,0.000108861,0,0,0.000378025
D11B16B,B73,1,1,11,3,6,base,58,B73_7_12,58,0.000275028,0.002530969,0,0.006448751,0,0.000347198,0.000384441,0.000101887,0.013608541,0.000144388,0.00067066,0.000751755,0.018485857,0.001028327,9.18E-05,0.000245021,0.000945302,0.029565214,0.003978085,0.083220415,7.67E-06,0.000348983,0.001457295,7.05E-05,0.001270791,0.000299052,0.000617835,0,0.00036167,0,0.001459755,0.001686348,0.000280286,0.000123885,0.000113658,0.001722771,0.00477017,0.00234268,0.000628738,0.00510907,0.003434397,0,0.001629519,0.000630282,0.001219606,0,0.000144485,0.001528018,0.065300726,0.031617622,0,0,0.000191376,0.003559826,0.03197992,0.000861458,0.000645575,0.002139774,0.011548559,0.088711465,0.000534039,0.001034116,0.00052825,0.001034405,0.000103672,0.000797682,0.000139902,0.000256406,0.000122679,0.004190591,0.068145847,0.073484694,0.000450822,0.000452172,0.007152843,0.000290803,0.046906191,0.014240222,0.000239184,0.000264559,0.000663183,0.001306973,4.24E-05,0.000231465,0.000153168,7.96E-05,0.00035236,0.001466412,0.001293658,0.000109944,0.000141832,0.000167159,0,5.55E-05,2.72E-05,0,0.005547253,0.005974532,0.012944586,0.015020826,0.03109328,5.90E-05,1.92E-05,0,0,0.033539343,0.000320713,0.000302043,0.055556853,0,0.003417657,0.002103448,0.012338377,2.68E-05,0,0,0.000122776,0,0.000309907,0.000300403,0.000121473,0.003407092,0.000482468,0.000440546,0.000281926,9.17E-05,0.000125092,0.000235566,0.000759185,0,0.001289171,0.000481696,0.000129144,8.51E-05,0,0.000851906,0.000136959,0.000427521,0.001875939,0.015158364,0.020956668,0.007190617,7.87E-05,0.000141832,0.000272857,0.00118,0.003655731,0.01780029,0.04669494,0.035548478,0.002177789,3.00E-05,0.000107869,0.000176421,0.000314827,0.000123017,0,0.000591302,0.000483433
D11B16C,B73,1,1,11,3,6,center,58,B73_7_12,58,0.00038095,0.003011552,0,0.004850385,0,0.000313042,0.000399603,5.00E-05,0.014074783,4.29E-05,0.000762712,0.000580731,0.014789664,0.00122299,9.17E-05,0.000106393,0.001083313,0.034771689,0.003431149,0.070105415,0.000187955,0.000310969,0.001802583,7.02E-05,0.001016909,0.000322511,0.00063856,0,0.000246313,4.80E-05,0.001011017,0.002274076,0.00020478,0.00015772,0,0.001615603,0.005488417,0.002438745,0.00074414,0.005177691,0.003795071,0,0.001833712,0.000674973,0.001285736,5.60E-05,0.00024932,0.001866874,0.064894401,0.055263409,0,0,0.000177349,0.004168991,0.037918284,0.000451743,0,0.003189104,0.012486815,0.081488679,0.000796443,0.001061775,0.00050559,0.00106527,0,0.0007441,0.000155119,0.000340148,0.000153493,0.005960642,0.045167466,0.069370053,0.000730811,0.000563663,0.01155411,0.000416631,0.061403959,0.024449631,0.000391475,0.000187346,0.000708825,0.001562569,2.62E-05,0.000186289,0.00015138,6.53E-05,0.000563622,0.00688018,0.002476093,0.000141667,0.000358802,0.001364088,0.000321373,0.000173813,6.69E-05,0,0.007392556,0.007573887,0.014206169,0.018262427,0.036952377,8.19E-05,2.49E-05,0,0.000437194,0.035069735,0.000304589,0.000270087,0.05757914,0.000353112,0.00432033,0.001743453,0.008778711,4.22E-05,0,0,0.000112489,0,0.000239282,8.56E-05,0.000131711,0.003749312,0.000392004,0.000314017,0.000212298,5.72E-05,0.000121917,0.000276345,0.000306215,0,0.001165079,0.000697853,0.000137766,0.00012338,1.61E-05,0.000321292,0.000147967,0.0005368,0.000929373,0.010636929,0.022528017,0.009896405,0.00010115,0.000175195,0.000322267,0.000913239,0.002209623,0.007002463,0.025229209,0.030315178,0.001844807,0,7.23E-05,0.00016662,0.00026968,0.000158086,0,0.000136506,0.000865204
D11B16T,B73,1,1,11,3,6,tip,58,B73_7_12,58,0.000287557,0.002769903,0,0.006535747,0,0.00047946,0.000566738,0,0.009917538,4.17E-05,0.000460477,0.000461766,0.01439157,0.001002533,0.000101056,0.000211727,0.000577344,0.034203798,0.003505497,0.085498889,0.000119047,0.000278388,0.001401455,0.00019225,0.001319183,0.000354416,0.000376124,0,0.000367153,0,0.001520849,0.002050862,0.000217526,0.000243645,0,0.000900486,0.005395779,0.003418268,0.00093057,0.00661123,0.005402272,0,0.003405531,0.001097692,0.001328748,0,0.000285921,0.00182159,0.063687095,0.049201259,0,0,0.000142985,0.002658339,0.027358786,0.00062532,0,0.002330638,0.009520103,0.089208481,0.000486547,0.001142843,0.000349856,0.00057442,0.000218666,0.000426776,0.000104526,3.47E-05,0.000116123,0.003648631,0.081800696,0.082504621,0.000573082,0.000467862,0.007127464,0.000347972,0.050969867,0.022315242,0.00021148,0.00015835,0.000333054,0.001036731,4.70E-05,0.000465235,0.00011642,8.92E-05,0.000378502,0.00224108,0.002145029,0.000141598,0.000232395,0.000389654,0,9.14E-05,2.87E-05,0,0.005536187,0.004129478,0.014423537,0.014228412,0.025808497,7.54E-05,0.000147793,7.13E-05,0,0.033808048,0.000362742,0.000254251,0.058440546,0.000186401,0.004574344,0.001924777,0.01108992,0.000177827,0,0,8.60E-05,0,0.000387523,0.000186154,0.000230412,0.005068077,0.000452944,0.000608469,0.000306291,0.000129356,0,0.000153839,0.000579227,8.11E-05,0.001330285,0.001032766,7.55E-05,9.54E-05,0,0.000779456,0.000224613,0.000668835,0.001677464,0.007185154,0.020832406,0.016386823,6.15E-05,0.000101651,0.000346139,0.000798686,0.001357197,0.005218745,0.02015812,0.027690552,0.001862329,0,8.62E-05,0.000182932,0.000307282,0.000117312,0,0,0.001812768
D11B18B,B73,1,1,11,3,8,base,58,B73_9_12,58,0.001164199,0.000992788,0,0.006511163,0,0.000369062,0.000367801,6.53E-05,0.013599687,3.48E-05,0.000696754,0.000938017,0.021027529,0.000997318,4.19E-05,0.000156889,0.001223966,0.030298534,0.00526245,0.080550095,5.24E-05,0.000397965,0.001571829,7.47E-05,0.000659213,0.000231364,0.000523429,0,0.000324704,0,0.001010952,0.001649526,0.000199333,0.000137231,9.63E-05,0.002355432,0.004999802,0.001362784,0.000557329,0.004969591,0.00293961,0,0.001725636,0.000675369,0.001229802,2.48E-05,0.000204562,0.002288521,0.075978329,0.036225613,0,0,0.000234306,0.003987356,0.029370695,0.001099482,0.000673081,0.002148489,0.01567272,0.080280956,0.000546076,0.001218783,0.000655804,0.001233211,6.64E-05,0.000490791,0.000260407,0.000365467,9.98E-05,0.006434867,0.065101129,0.071562377,0.000555601,0.000671353,0.010966431,0.001036353,0.060087739,0.015816534,0.00035426,0.000340673,0.001205242,0.001580374,1.41E-05,0.00014162,0.000157542,7.67E-05,0.000370603,0.004884797,0.002460165,9.57E-05,0.000201948,0.000527212,9.85E-05,0.00020601,5.55E-05,0,0.00511957,0.005265018,0.015554306,0.016025953,0.035567007,0.000262695,0.000128079,0,0,0.032512113,0.000353233,0.000401934,0.058908692,0.000200173,0.003477607,0.003079175,0.000629423,1.63E-05,0,0,9.81E-05,0,0.000272267,0.000222072,0.000109355,0.002427994,0.000438308,0.000326618,0.000239022,4.80E-05,8.10E-05,0.000279551,0.000381109,0,0.001150144,0.000319334,9.30E-05,7.88E-05,3.18E-05,0.000442604,9.80E-05,0.00038928,0.001744734,0.011718983,0.016795875,0.005029639,9.48E-05,0.000173138,0.00029426,0.001140432,0.002919251,0.015215781,0.041075577,0.026393638,0.001157428,0,0.000113884,0.000178461,0.00018299,0.000259053,0,0.000237761,7.52E-05
D11B18C,B73,1,1,11,3,8,center,58,B73_9_12,58,0.000768489,0.001764771,0,0.00465727,0,0.000286891,0.000440786,6.01E-05,0.011130117,2.48E-05,0.000556481,0.000866845,0.017253833,0.001663349,3.40E-05,7.66E-05,0.001333639,0.026018176,0.004955821,0.065308765,0.000166842,0.000537817,0.002705856,6.32E-05,0.00083175,0.000243051,0.000455399,7.08E-05,0.000219503,0,0.000821036,0.002288846,0.000264176,0.000157945,0.00011456,0.002556543,0.00528731,0.002854602,0.000736574,0.004229167,0.002957123,0,0.002209305,0.000784086,0.001586458,4.20E-05,0.000190807,0.001963869,0.062842591,0.040363535,0,0,0.000248768,0.004668476,0.031788181,0.00059097,0.000660895,0.002926495,0.017486852,0.029293613,0.00083936,0.001542845,0.000604713,0.001707946,8.68E-05,0.001138328,0.000232299,0.000557731,0.000129779,0.009484903,0.059949638,0.064315927,0.000793475,0.000733697,0.015386542,0.000463122,0.044475075,0.021877636,0.000462857,0.000359087,0.001118717,0.002080927,5.41E-05,0.000156393,0.000159838,5.42E-05,0.000562387,0.004349178,0.001309145,0.000128492,0.000174603,0.000681036,0.000149503,0.000180547,1.44E-05,0,0.006590246,0.007423775,0.016601002,0.020929547,0.044744249,0.000297529,0.000203338,2.86E-05,0,0.031970281,0.000243468,0.000364047,0.057455713,0.000423636,0.005188083,0.003258098,0.015320668,0.000270536,0,0,0.000138562,0,0.000237297,9.31E-05,9.85E-05,0.004369508,0.000472701,0.000249336,4.55E-05,6.66E-05,0.000119746,0.000320585,0.000467855,3.32E-05,0.00169833,0.000637763,9.00E-05,0.000129362,2.38E-05,0.000266561,0.000144089,0.000460889,0.002590123,0.020687632,0.031910388,0.00812162,0.000101309,0.000205533,0.000365978,0.00166032,0.004446247,0.019869435,0.045292439,0.041513296,0.001625907,0,0.000137767,0.000200044,0.000272846,0.000285415,0,0.0001743,0.000338303
D11B18T,B73,1,1,11,3,8,tip,58,B73_9_12,58,0.000700691,0.002085803,0,0.005310213,0,0.000334014,0.000205709,7.02E-05,0.012438361,0.000157722,0.00058204,0.000789556,0.017666447,0.001412146,0.000121979,0.000314828,0.00068816,0.034760139,0.00471856,0.070874372,0.000131962,0.000454473,0.002237979,0.000136441,0.001578865,0.0003327,0.000524974,6.59E-05,0.000257803,0,0.001388153,0.002087939,0.000233235,0.000126498,0.000215692,0.001773194,0.004842264,0.002306959,0.000838364,0.004803399,0.002796765,0,0.002849599,0.00072604,0.001448752,4.17E-05,0.00023303,0.002284363,0.068286027,0.054914193,0,0,0.000196752,0.004544938,0.031956513,0.001170283,0.000914822,0.001161327,0.015963795,0.022302921,0.000720083,0.001116545,0.000597734,0.001150727,0,0.000457719,0.000125225,0.000457678,0.000102341,0.008399416,0.046285609,0.070760405,0.000886515,0.000749334,0.011858499,0.000397366,0.069418061,0.029193273,0.000337137,0.000322018,0.000867328,0.001866414,6.77E-05,0.000583601,0.000366841,5.52E-05,0.001389467,0.001668922,0.001290578,0.000146794,0,0.00032703,0,0,1.70E-05,0,0.006969521,0.007475802,0.019342435,0.017820266,0.040077255,0.000391286,6.11E-05,8.27E-05,0,0.039227428,0.000319964,0.000373086,0.057163798,0.000250203,0.004647649,0.002934561,0.017974455,5.54E-05,0,0,6.72E-05,0,0.000287795,0.000203326,0.000134797,0.00451433,0.000309857,0.000295806,0.000185906,7.31E-05,0.000110352,7.35E-05,0.000447694,0,0.001134827,0.000719179,0.000112817,8.59E-05,1.97E-05,0.000485944,0.000134674,0.000466634,0.001498258,0.011575552,0.022361219,0.012592879,4.93E-05,0.000126621,0.000217335,0.000771479,0.001737574,0.009713534,0.031187623,0.034508704,0.004781747,3.71E-05,0.000104806,0.000163433,0.000322757,0.000182825,0,0.000667618,0.001027105
D11B210B,B73,1,2,10,3,10,base,58,B73_11_11,58,0.000974153,0.000685017,0,0.007609522,0,0.000525553,0.000620589,0.000170846,0.010811476,0.000173787,0.00059412,0.002778679,0.02750207,0.000683982,0.000140184,0.000515696,0.001882189,0.024977562,0.007908897,0.093949983,5.47E-05,0.000324536,0.00108814,9.98E-05,0.000785498,0.000146066,0.000396371,0,0.000461343,0,0.002827695,0.001859587,0.000350405,0.000405466,0.000156087,0.004856113,0.00596789,0.001012276,0.000996318,0.007669103,0.005661217,0,0.003151577,0.001069896,0.002324089,6.25E-05,0.0001001,0.003629695,0.073320789,0.007613389,0,0,0.000464774,0.005828032,0.040694874,0.00122571,0.000559265,0.003677239,0.026287197,0.070552947,8.25E-05,0.001770216,0.000592595,0.001146033,0.000210276,0.003049789,0.000469186,0.000607681,0.000200255,0.012604403,0.065409768,0.058630239,0.000622876,0.001184211,0.019976636,0.001153113,0.041383757,0.007030106,0.000485742,0.000857823,0.00201099,0.001420464,1.16E-05,0.000178361,0.000244913,0.000125479,0.001775444,0.007730481,0.001170214,0.000141382,0.000358901,0.000451758,0,0.000230209,7.72E-05,2.38E-05,0.007236352,0.003485372,0.011923743,0.031122669,0.031511252,3.88E-05,9.15E-05,0,0.001557598,0.028596691,0.000509923,0.000622114,0.059651555,0.000160226,0.003031272,0.002840493,0.004436596,0.000126895,0,0,0.000122429,0,0.000332814,0.000137733,0.000180376,0.001915683,0.000551368,0.000461507,0.000316421,0.000144432,0.000207934,0.000141818,0.000440811,3.67E-05,0.001606287,0.000390652,0.000200146,0.000153309,1.69E-05,0.000504259,0.000159245,0.00052637,0.002799266,0.017547055,0.012536326,0.002071987,9.71E-05,0.000161587,0.000359773,0.001575516,0.004552871,0.023255816,0.035092203,0.011501449,0.000417774,0,0.000126623,0.000208587,0.000204775,0.000205647,1.57E-05,0.000115132,6.11E-05
D11B210C,B73,1,2,10,3,10,center,58,B73_11_11,58,0.000490445,0.001601116,0,0.004512498,2.29E-05,0.000337118,0.000484123,6.02E-05,0.012224387,0.000182371,0.00083645,0.000875481,0.014242422,0.001026792,0.000120985,0.000109899,0.001023081,0.027877125,0.004389314,0.079025608,0.000171468,0.000359382,0.001389472,4.87E-05,0.000891514,0.000198038,0.000438267,0,0.000221172,0,0.000967147,0.002352313,0.000345959,0.000253331,0.000100737,0.002544945,0.006355904,0.002608347,0.000788945,0.005037117,0.003613471,0.000105684,0.002660112,0.00110948,0.001859761,0,0.000372209,0.004278682,0.078864722,0.049776372,0,0,0.000213934,0.003031909,0.020438998,0.001131652,0.000604009,0.00227668,0.010277678,0.024583044,0.000350082,0.001495065,0.000505975,0.000946716,0.000150808,0.001932645,0.000183745,0.000306563,8.18E-05,0.004559728,0.079964077,0.052784689,0.000604696,0.000489208,0.008897964,0.000271655,0.038321095,0.010009413,0.000343394,0.000243665,0.000805712,0.001127666,8.82E-05,0.000117824,0.000130926,9.66E-05,0.021057392,0.00136304,0.001392175,0.000778134,0.000225845,0.000173209,0,0.00011448,1.46E-05,0,0.007485632,0.005910537,0.016321523,0.019360807,0.031777597,0.000441336,2.01E-05,0.000105547,0,0.038109497,0.000442482,0.000405055,0.06272273,0.000303173,0.004605355,0.003330775,0.000759031,0.000177057,0,0,0.000151311,3.66E-05,0.000356862,9.55E-05,0.000166017,0.003100899,0.000568872,0.000405055,0.000275228,8.80E-05,0.000166612,0.000157175,0.000395938,0,0.001837405,0.000461768,0.000150624,0.000126299,3.98E-05,0.000404413,0.000201061,0.000590449,0.002591443,0.019059788,0.026190023,0.006110498,0.000127444,0.000228181,0.000491178,0.001914871,0.006212426,0.024883055,0.048431611,0.048317589,0.001898104,0,0.000171193,0.000297584,0.000293965,0.000436939,2.22E-05,0.000546334,7.92E-05
D11B210T,B73,1,2,10,3,10,tip,58,B73_11_11,58,0.00057001,0.001397577,0,0.004253122,0,0.000268095,0.000370177,6.68E-05,0.010779785,0.000140524,0.000705327,0.000684128,0.013383103,0.000936522,0.000141774,0.000288337,0.000617698,0.026140179,0.005008095,0.07184777,0.000140691,0.000379798,0.00176563,0.000118825,0.001215904,0.000218699,0.000334401,0,0.000262722,0,0.001627772,0.001641932,0.000264722,0.000145522,9.72E-05,0.001601533,0.00412501,0.001972918,0.000557057,0.004326799,0.004223385,0,0.002726266,0.000690875,0.00173027,4.89E-05,0.000134818,0.002845758,0.07087443,0.052032796,7.86E-05,6.95E-05,0.000184964,0.003194735,0.022711043,0.001001702,0.000692749,0.001297744,0.012654911,0.071540399,0.00046293,0.001156554,0.000624237,0.001098287,0.000119575,0.001236312,0.00011112,0.000361181,9.16E-05,0.005946449,0.074799233,0.069013007,0.000623903,0.000536274,0.009683248,0.000535066,0.062665269,0.018929971,0.00028917,0.000298083,0.000870383,0.001608446,8.16E-05,0.000376883,0.000302081,3.96E-05,0.000240607,0.00109104,0.001883205,6.28E-05,0.000107413,2.39E-05,0,7.48E-05,0,0,0.007008085,0.006537658,0.019261207,0.02045487,0.032781752,0.000519572,0.000241856,0.000105747,0,0.036344457,0.000407578,0.00033615,0.05119515,0.00019725,0.003692317,0.002822351,0.015167101,4.67E-05,0,0,0.000133527,0,0.00050158,0.000344563,0.000381048,0.002805191,0.000710742,0.000666302,0.000482838,0.000146855,9.01E-05,0.00011062,0.000508119,7.28E-05,0.001432396,0.000512117,0.000113994,9.66E-05,2.10E-05,0.00044702,0.000150561,0.000584295,0.00140978,0.010683284,0.023514912,0.007976801,0.000116076,0.000141774,0.000274717,0.001125567,0.002801818,0.01367673,0.036395311,0.028733169,0.001550762,5.76E-05,8.79E-05,0.00017451,0.000312243,0.00022957,0,0,0.000831149
D11B212B,B73,1,2,10,3,12,base,58,B73_13_11,58,0.001965664,0.000229807,0,0.008516416,0,0.000669857,0.000845092,5.70E-05,0.007068735,0.000181974,0.000223787,0.004919591,0.034941053,0.0004409,0,0.000935326,0.001454814,0.009731869,0.009239668,0.11240654,3.06E-05,0.000179292,0.000423037,0.000178964,0.000624641,3.87E-05,0.00075237,0,0.000527013,0.000296224,0.004690504,0.001281739,0.000116147,0.000503718,0.000849672,0.007554131,0.00755027,0.000580407,0.001269241,0.008930946,0.009495846,0,0.00453045,0.000875388,0.00455898,9.23E-05,0.00034602,0.007750501,0.028828322,0.001640714,0,0,0.001047809,0.006244975,0.019841625,0.000497109,2.92E-05,0.005368147,0.034701692,0.1122989,0.000133487,0.001660803,0.000293214,0.000352432,0,0.009425372,0.000891223,0.000989768,0.000369838,0.038629618,0.07925042,0.049006741,0,0.00256315,0.018366527,0.002518393,0.028720289,0.003816948,0.000342813,0.001300976,0.001857108,0.000205466,7.07E-05,0.000214626,0.000399545,0.000130673,0.001054483,0.012292009,0.002720521,0.000160315,0.000436647,0.000105874,0,0.000176085,7.90E-05,0,0.00568832,0.0006764,0.010134621,0.020962918,0.003983218,0.000161886,0.000279014,0,0.000819441,0.0169,0.000479703,0.000879707,0.031653343,8.57E-05,0.001332843,0.001716226,0.004740758,0,0,0,0.000132244,0,0.000543175,0.000761008,0.000528518,0.001477127,0.00062739,0.001245946,0.000353414,0.000274499,0.000122102,4.80E-05,0.000670446,0.000160708,0.007020248,0.001001546,0.000371408,0.000127991,2.93E-05,0.000776581,0.00044391,0.001475753,0.009128233,0.029854276,0.010634151,0.001336508,0.000186817,0.000210111,0.000935523,0.004366405,0.013008849,0.043633882,0.031734875,0.007320267,0.000312648,0.0001151,0.000253495,0.000369707,0.000317097,0.000174319,2.62E-05,0.000449996,5.73E-05
D11B212C,B73,1,2,10,3,12,center,58,B73_13_11,58,0.003593426,0.000758241,0,0.004983144,0,0.000319037,0.000330307,6.88E-05,0.009162213,0.000136752,0.000363402,0.000498005,0.014410832,0.000834306,0.00015541,0.000603245,0.001616444,0.027146531,0.00492864,0.065024792,0.000112553,0.000272486,0.001353043,0.000112854,0.001423793,0.000147042,0.000302226,0,0.000233209,0,0.002384297,0.001484442,0.000286809,0.000159632,0.000267925,0.002473479,0.003743785,0.000933289,0.000857148,0.0057735,0.005741046,0,0.003584267,0.000647309,0.002209437,0,0.000264495,0.002797266,0.064672245,0.026567938,0,0,0.000215003,0.004321889,0.034944771,0.001070154,0.000745915,0.002939973,0.022113707,0.057996478,0.000425747,0.001330351,0.00072639,0.001335704,0,0.001921987,0.000312177,0.000671772,0.000140936,0.009878501,0.040972626,0.059937538,0.000805923,0.001031066,0.022612391,0.001108902,0.059908854,0.012033056,0.000282964,0.000839018,0.002341703,0.001981543,6.25E-05,0.000549683,0.000508748,0,0.002810496,0.002315996,0.001050704,5.02E-05,7.37E-05,0.000224917,0,6.61E-05,1.71E-05,0,0.0056055,0.003927277,0.010994226,0.02917014,0.037122922,0.000430986,0.000284472,0.000128421,0,0.031919422,0.000313308,0.000383191,0.051530777,0.000139353,0.004021699,0.003030324,0.01250151,2.01E-05,0,0,2.91E-05,0,0.000106069,9.02E-05,0.000111836,0.001923985,9.73E-05,0.000119827,0.000100378,0.000105994,0.000169206,0.000143009,9.83E-05,0,0.001583161,0.000478329,0.000123484,0.000120807,1.20E-05,8.07E-05,9.28E-05,0.00075809,0.002009662,0.017139458,0.01220181,0.00497357,0,8.63E-05,0.000166228,0.001662279,0.00487127,0.035614545,0.068983505,0.032573063,0.003197871,0,0.0001072,0.00032552,0.000571357,0.000303771,7.62E-05,0.000589977,0.000261894
D11B212T,B73,1,2,10,3,12,tip,58,B73_13_11,58,0.003237175,0.000877007,0,0.00491302,0,0.000340087,0.000496126,3.93E-05,0.008973493,0.00017665,0.000514855,0.00098588,0.012210754,0.000911901,0,5.98E-05,0.00114581,0.023115211,0.00491503,0.073766976,8.68E-05,0.000347998,0.001508475,8.03E-05,0.000584771,0.000146588,0.000382079,5.04E-05,0.000271112,0,0.001490814,0.001656603,0.000340044,6.61E-05,9.43E-05,0.002716546,0.004003257,0.001741443,0.000671792,0.004841479,0.004285145,0,0.002305646,0.000798197,0.001877127,4.08E-05,0.000134145,0.002209987,0.065547506,0.02243213,0,0,0.000245668,0.003672022,0.021388692,0.000901852,0.000702709,0.001483673,0.019417917,0.062273642,0.000388151,0.001282648,0.000809614,0.001187375,0,0.001364367,0.00029369,0.00058011,0.000118152,0.009839297,0.074032143,0.066600864,0.000729264,0.000916306,0.021506374,0.001133409,0.066983713,0.014823474,0.000343807,0.000657723,0.001664001,0.001920488,5.74E-05,0.000197304,0.000186528,0,0.00020932,0.001199861,0.001446898,0,0,4.43E-05,0,0.00011101,0,2.65E-05,0.006377108,0.005133074,0.014544152,0.026955673,0.037363621,0.000547355,0.000302713,0.000117852,0,0.025761029,0.00029895,0.000310666,0.048215053,0.000149881,0.002787232,0.003320817,0.000626892,0.000140345,0,0,0.000131579,0,0.000292364,0.000322341,0.000206797,0.002369575,0.000487701,0.000455288,0.000312548,8.84E-05,0.000126875,0.000158647,0.000376477,0,0.001165138,0.000348939,0.000143894,9.66E-05,3.03E-05,0.000434035,0.000122257,0.00040624,0.002853813,0.018288698,0.02105951,0.004719779,9.41E-05,0.000129056,0.000476925,0.00258501,0.008712944,0.03336759,0.05640305,0.029540384,0.001039589,0,0.000182722,0.000265895,0.000288772,0.000387168,0,0.000296854,0.000148898
D11B24C,B73,1,2,10,3,4,center,58,B73_5_11,58,0.000141253,0.00227862,0,0.006223298,0,0.000495652,0.000530834,3.74E-05,0.007712221,8.15E-05,0.000481055,0.000397623,0.015512289,0.000900968,9.84E-05,0.000207509,0.001292603,0.036081797,0.002715665,0.075394402,0.000153315,5.40E-05,0.001283163,0.000114855,0.001386218,0.00034391,0.000585858,0,0.00036467,0,0.001312664,0.002500289,0.000203488,0.000218348,0.000641756,0.000664308,0.004375735,0.005111806,0.000812859,0.006527306,0.004597754,0,0.002724187,0.000631573,0.001347889,2.64E-05,0.00044242,0.000348281,0.015493802,0.021558234,0,0,0.000102181,0.001963248,0.029881575,0.000430227,0,0.003581013,0.006002415,0.08819933,0.000511561,0.000817274,0.000133342,0.000506054,0,0.000595692,7.00E-05,0.000176697,0.000146148,0.002112106,0.060783649,0.064623655,0.000612649,0.00045256,0.007698804,0,0.037896887,0.027478791,0.000230017,0.000254447,0.000417334,0.000863251,5.42E-05,0,9.07E-05,0.000128229,0.000809188,0.005983098,0.001307244,0.000226739,0.000985492,0.00101827,0.000537783,0.000305145,0.000175561,4.63E-05,0.00304406,0.003021858,0.006077194,0.007880833,0.020275464,0,0.000136882,0,0.000506316,0.021909006,0.000263756,0.000190508,0.025498716,0.000272017,0.00384407,0.001019057,0.007027591,0.000179407,0,3.70E-05,0.000161357,0,0.00070657,0.000550633,0.000464447,0.004547231,0.000655261,0.001412878,0.00033753,0.000273066,0,0.000144181,0.000604127,0.000180106,0.00211416,0.001763869,0.000147677,0.000174599,2.03E-05,0.000648749,0.000290635,0.000805255,0.002503173,0.009386146,0.034195687,0.042478033,0.000139942,0.000278529,0.00026651,0.001421881,0.00307592,0.013929532,0.04287771,0.094101794,0.062316234,7.58E-05,0.000130502,0.000430183,0.001056206,0.00029282,0.000142914,0,0.001097244
D11B26B,B73,1,2,10,3,6,base,58,B73_7_11,58,0.001087454,0.002112917,4.09E-05,0.005902818,0,0.000301021,0.000367148,0.000103813,0.011543169,4.17E-05,0.000709327,0.00066102,0.015407879,0.000937786,0.000110093,9.94E-05,0.00111702,0.024531341,0.003613017,0.088087655,7.31E-05,0.000387676,0.001541513,8.12E-05,0.00100228,0.000270689,0.000437412,0,0.000283557,3.59E-05,0.00088662,0.001882262,0.000264561,0.000135064,0,0.001610704,0.004485646,0.003713255,0.000578042,0.004531807,0.00266221,0,0.002005427,0.00069794,0.001385411,0,0.000211098,0.001684134,0.060889612,0.033374666,0,0,0.000270689,0.003462838,0.032758326,0.000826365,0.000650042,0.002046687,0.009439852,0.094116448,0.000366638,0.001245956,0.000642944,0.001051199,0.000175404,0.000752271,0.000158247,0.000240102,0.000136289,0.00366883,0.07446185,0.07502008,0.00038737,0.000386961,0.00748411,0.00032211,0.039882079,0.016096781,0.000306689,0.000220749,0.000595761,0.001190041,0.000198893,0.000138383,0.000139302,9.54E-05,0.000133685,0.000749514,0.000744101,0,0.000105651,9.63E-05,0,0,0,0,0.004612488,0.0048939,0.012935882,0.012631083,0.026037722,0.000440987,1.52E-05,0,0,0.027125431,0.000315574,0.00037297,0.050734254,0.000178825,0.002926567,0.00182027,0.000303115,0.000173157,0,0,0.000162127,0,0.00045268,0.000549957,0.000174638,0.003412694,0.000650859,0.000820084,0.000513191,0.000180153,0.000118928,0.000377514,0.000425055,0,0.001606466,0.000765293,6.56E-05,0.000170604,5.13E-05,0.000369395,0.000226927,0.000727863,0.002465716,0.018267501,0.033130785,0.012496479,0.000155744,0.000242349,0.000391148,0.001508883,0.003727093,0.016021513,0.047996061,0.048672043,0.002961443,0,0.000138281,0.000228664,0.000376595,0.000356629,0,0.000604697,0.000267523
D11B26C,B73,1,2,10,3,6,center,58,B73_7_11,58,0.000420042,0.001883661,1.70E-05,0.004942025,0,0.000330978,0.000449423,8.24E-05,0.01142878,0.000156951,0.000507725,0.000645131,0.016872838,0.001354799,0.00013209,0.000218559,0.000847618,0.034384821,0.003881414,0.072200754,0.00016235,0.000529824,0.002211206,0.000159127,0.001512336,0.000291594,0.000361071,0,0.000249573,0,0.002394358,0.00171746,0.000263217,0.000206045,0.000358183,0.001256988,0.005480303,0.002674567,0.000819241,0.00335611,0.004663364,0.000116688,0.003196648,0.000791367,0.001737173,0,0.000294147,0.002735673,0.070205596,0.056914626,0,0,0.000170679,0.003823614,0.030022133,0.000556066,0,0.003090842,0.013275819,0.022811354,0.000679367,0.001343834,0.000677148,0.001213125,9.63E-05,0.000377184,0.00019148,0.000396939,0.00013615,0.007123683,0.054296394,0.071065979,0.000687947,0.000685184,0.012471687,0.000425316,0.063657567,0.02316623,0.000347175,0.000157746,0.000845651,0.00170436,3.28E-05,0.000388568,0.000253047,3.59E-05,0.00032968,0.001889562,0.00096259,0,0.000144478,0.000312144,6.38E-05,0,0,2.66E-05,0.006281673,0.00717286,0.015931761,0.016550315,0.036037199,0.000320933,4.38E-05,6.98E-05,0,0.027990939,6.18E-05,0.000306619,0.053661811,0.000308251,0.004257468,0.002416875,0.018670657,0.000220191,0,0,9.78E-05,0,0.000273722,0.000262464,0.000348514,0.004694168,0.000368479,0.000471899,0.000377686,0.00016415,0.000134475,7.81E-05,0.00059206,0,0.001834064,0.001019385,9.06E-05,0.000132466,0,0.000247061,0.000201525,0.000666476,0.001904629,0.01273302,0.03192647,0.012660823,0,0.000141507,0.000194368,0.001453155,0.003714962,0.014209111,0.037232871,0.040676079,0.003599865,7.06E-05,0.000146529,0.000271044,0.000425483,0.000264221,0,0,0.000665137
D11B26T,B73,1,2,10,3,6,tip,58,B73_7_11,58,0.00056614,0.00351147,0,0.0070156,0,0.000370878,0.000473528,4.61E-05,0.010684229,0.000143343,0.000595823,0.000499002,0.013600956,0.000874036,7.97E-05,0,0.001039938,0.025268671,0.003527337,0.093100208,3.28E-05,0.000160883,0.001367856,8.31E-05,0.000812834,0.000288197,0.000565384,6.30E-05,0.000380593,0,0.000924497,0.001831454,0.000242647,0.000192725,0.000157159,0.00127341,0.004515518,0.003061958,0.000791516,0.004480114,0.003069136,0,0.002369962,0.000781964,0.001459281,6.80E-05,0.000303254,0.002254467,0.068107375,0.039151455,0,0,0.000170436,0.002699121,0.022002492,0.000702521,0,0.001705328,0.01037153,0.093615508,0.000434724,0.001208808,0.000374548,0.000674726,0.000131308,0.000718819,0.000126612,7.22E-05,0.000127962,0.00448427,0.079718314,0.081640059,0.000466026,0.000517405,0.008404936,0.000350046,0.047992411,0.017438671,0.000301527,0.000140213,0.000306709,0.001056399,4.61E-05,0,0.000114361,0,0.00022203,0.00141794,0.002837499,0,5.57E-05,2.11E-05,0,0,0,0,0.006230668,0.004837932,0.015327871,0.012556161,0.021837184,0.000108263,0.000170328,0,0,0.030923808,0.000330995,0.000274651,0.05487951,0.000172648,0.003117817,0.001928329,0.001453236,4.00E-05,0,0,0.000166118,0,0.000451671,0.000442064,0.000224567,0.00417551,0.000688057,0.000718765,0.000456042,0.000104377,0.000130984,0.000295375,0.000576502,3.00E-05,0.002665606,0.001109882,0.000171137,0.000124292,4.25E-05,0.000635275,0.000152518,0.000748934,0.002230774,0.016001194,0.036605067,0.015349459,0.000163635,0.000246479,0.000325544,0.001168223,0.003266341,0.009337529,0.029436734,0.03058542,0.001728966,7.51E-05,0.000153111,0.000334017,0.00040979,0.000221707,0,0.000834368,0.000371256
D11B28B,B73,1,2,10,3,8,base,58,B73_9_11,58,0.000562893,0.000748193,0,0.005473898,0,0.000391913,0.000443973,0.000142388,0.011400724,5.40E-05,0.000705137,0.000919748,0.018167077,0.000914144,0.000116238,0.000417536,0.000808491,0.026918043,0.005220924,0.082620015,0.000180128,0.000423954,0.001418559,0.000106707,0.001366164,0.000225579,0.000415764,0,0.000234487,0,0.002509335,0.001596148,0.000293444,0.000203643,0.000202302,0.002214741,0.005511398,0.001559462,0.000665337,0.006661658,0.004951906,0,0.002430167,0.000711554,0.00149447,0,0.000200387,0.003630619,0.080016665,0.033832483,0.000136209,0,0.000224046,0.003620369,0.027384383,0.000645653,0.000649101,0.000896376,0.0134544,0.0895084,0.000387363,0.001055909,0.000743835,0.001141495,0.000179026,0.001588773,0.000213366,0.000297898,0.000109676,0.005339412,0.070548972,0.066401343,0.000447948,0.000615911,0.009178512,0.000869076,0.048528284,0.012329907,0.000320025,0.000413992,0.00133532,0.001462765,0.000257859,0.000216239,0.000289948,7.15E-05,6.97E-05,0.000744362,0.001480485,0,0.000127972,5.71E-05,0,4.33E-05,2.02E-05,1.90E-05,0.005786882,0.005789851,0.015376991,0.016679504,0.032150318,0.000472039,5.58E-05,0,0,0.024882998,0.000410687,0.000330226,0.045499017,0.000192772,0.002899763,0.00261834,0.009800601,0.000151679,0,0,8.49E-05,0,0.000149188,0.000104887,0.000121123,0.002553445,0.000312458,0.000272802,0.000184055,7.69E-05,0.000170645,0.000164562,0.00079738,3.70E-05,0.001085364,0.000456569,0.000118872,0.000116046,3.64E-05,0.000819746,0.000116669,0.000508198,0.002294676,0.01796784,0.016900724,0.005943877,9.03E-05,0.000110395,0.00028262,0.00145036,0.004298302,0.021879977,0.050006949,0.030714421,0.001956978,4.14E-05,0.000157666,0.000270311,0.000433197,0.000422756,0,0.0002069,0.00067779
D11B28C,B73,1,2,10,3,8,center,58,B73_9_11,58,0.002739208,0.002004656,0,0.003675524,0,0.000298031,0.000153392,6.11E-05,0.01012408,0.000148227,0.00071701,0.000687838,0.015949333,0.001276213,0,0.000188635,0.001605743,0.032591983,0.004312586,0.068005133,0.000171881,0.000443105,0.001893485,0.000188044,0.00208693,0.000282184,0.000534998,0,0.000226914,0,0.002523924,0.00181267,0.00036702,0.000179174,0.000299332,0.001391089,0.005118847,0.002695923,0.000793804,0.005236365,0.001761618,0,0.003983056,0.001100075,0.002093079,0,0.00038547,0.004164516,0.067772936,0.058366615,0,0,0.000247532,0.003528085,0.027033421,0.000948339,0.000821321,0.001014214,0.011099187,0.017086819,0.00053961,0.00162163,0.000646484,0.001204544,0.000262512,0.00129482,5.81E-05,0.000318058,0.000105297,0.006525548,0.049809132,0.057263938,0.000628468,0.000636589,0.009563379,0.00035271,0.055282069,0.019054694,0.000271816,0.000286638,0.000841387,0.001438002,5.39E-05,0.000304851,0.000223997,4.11E-05,0.000302171,0.000619361,0.001064043,0.000100448,0,0.000103168,0,0,1.67E-05,0,0.007274017,0.00695655,0.017368175,0.016307956,0.033224472,0.000562002,0.00023196,0,0,0.031763172,0.000321212,0.000365759,0.049845321,0.000248833,0.004973577,0.0024614,0.000420871,2.96E-05,0,0,5.89E-05,0,0.00029129,0.000352552,0.000402461,0.004382284,0.000437783,0.000598428,0.000453118,0.000182209,0.000177636,0.000211342,0.000569335,0,0.001654745,0.000973924,0.000207321,0.000155993,4.30E-05,0.000661977,0.000207952,0.000640452,0.002584792,0.019416629,0.034064597,0.013408378,6.11E-05,0.00018623,0.000391817,0.001928374,0.005927869,0.025525642,0.052919815,0.062964893,0.008446392,5.61E-05,0.000178109,0.000254706,0.000593461,0.000423512,0.00016648,0.000979207,0.001478646
D11B28T,B73,1,2,10,3,8,tip,58,B73_9_11,58,0.000546083,0.001950198,0,0.004749743,0,0.000307978,0.000440447,3.49E-05,0.010549275,0.000164635,0.000524088,0.000122298,0.01769297,0.001447154,0.000170093,0.000136231,0.001208883,0.027158802,0.005218718,0.071323753,0.00012205,0.000555717,0.002366789,4.98E-05,0.001539353,0.000287636,0.000485058,0,0.000220906,0,0.00133759,0.00149991,0.000189856,0,0.000200068,0.000948369,0.003979364,0.003347366,0.00075719,0.004189148,0.004886802,0,0.003420877,0.000816603,0.002018375,0,0.00041287,0.003087058,0.070587566,0.060890492,0,0,0.000227852,0.004190636,0.02811544,0.001037219,0.000950519,0.001095061,0.01440878,0.019964583,0.000584245,0.001514009,0.000782287,0.001183332,0.000124572,0.000765997,0.000118288,0.000464758,0.000110556,0.008630541,0.045524826,0.057868387,0.000774679,0.000656102,0.009145202,0.000789853,0.068477736,0.02320284,0.000222063,0.000371773,0.00103263,0.001820871,0.000163312,0.000275564,0.000378595,0,0.000408529,0.000968173,0.001594383,7.51E-05,9.30E-05,0.000149255,0,0,8.85E-06,2.77E-05,0.007866487,0.006691713,0.022752635,0.020901541,0.037716553,0.000478319,0.000232565,0,0,0.033628452,0.000319761,0.000361437,0.048555614,0.000227604,0.003769166,0.003063781,0.021258389,0.000265641,0,0,8.39E-05,0,0.000199861,0.000192791,0.000174765,0.00446004,0.000389097,0.000379091,0.000132304,0.000105223,0.000158682,0.000209619,0.000561505,0,0.001531043,0.000862909,0.00010667,0.000142433,5.64E-05,0.000787496,0.000209081,0.000516563,0.002651035,0.016103672,0.028443016,0.012103967,8.02E-05,0.000169638,0.000284246,0.001434875,0.002827578,0.016202611,0.04022255,0.041980659,0.005061649,3.92E-05,0.000125275,0.000201184,0.000486547,0.000308846,0,0.000733913,0.000949031
D11C110B,CML312,1,1,13,2,10,base,58,CML312_11_14,58,0.004748071,0.00203309,0,0.003974143,0,0.000317281,0.000481879,0.000203184,0.012151103,0.00019754,0.000886475,0.002166591,0.021814351,0.001234964,0.000178579,0.00019267,0.001964367,0.031021616,0.00453489,0.063636865,0.000159544,0.000372614,0.002027705,6.86E-05,0.001229615,0.000318314,0.000738071,5.54E-05,0.00017762,0,0.00099135,0.003773984,0.000320195,4.68E-05,8.43E-05,0.001406755,0.005503886,0.00156866,0.001391815,0.005360093,0.004614459,0,0.003264365,0.001219065,0.004117346,4.97E-05,0.000378147,0.004537878,0.043434519,0.033042938,0,0,0.000316359,0.004729036,0.032313462,0.000973238,0.000472583,0.002724276,0.010514641,0.058140468,0.000584798,0.001177048,0.000405002,0.001260675,0.000225686,0.001122453,0.000453585,0.000455429,0.000189756,0.027214874,0.035492172,0.057141113,0.001338953,0.001959903,0.02701774,0.001575153,0.069442354,0.055505942,0.00051032,0.000666655,0.001100135,0.002149216,0.000101149,9.61E-05,0.000196285,4.11E-05,0.000328827,0.003307452,0.00190623,8.73E-05,0.000298984,0.000674217,0.000253389,0.000169947,7.06E-05,4.35E-05,0.005261415,0.004537878,0.008201417,0.028034101,0.035027889,0.001024292,0.000242064,0,0,0.030222862,0.000114872,0.000162016,0.050876395,0.000205065,0.003556303,0.001205305,0.007259461,0.000204401,0,0,0.000127451,3.88E-05,0.000381762,0.000564657,0.000297213,0.004134167,0.000535921,0.000726193,0.000464725,0.000106498,0,0.000349743,0.000396001,0,0.002073963,0.001062767,0.000104469,8.82E-05,0,0.000378479,0.000183559,0.000540274,0.001726913,0.010660795,0.027048247,0.015345232,0.000151687,0.000186731,0.00027567,0.000922774,0.002561965,0.005533065,0.022828683,0.041162315,0.003947768,0.000120922,0.000130181,0.000298763,0.000397957,0.000317723,0,0.00053913,0.000413413
D11C110C,CML312,1,1,13,2,10,center,58,CML312_11_14,58,0.001542277,0.002216901,0,0.005948652,0,0.000283715,0.000366299,5.69E-05,0.006685582,4.67E-05,0.000338309,0.000262441,0.009895615,0.001199159,0.0001221,0.000276089,0.000881821,0.029438704,0.002870251,0.074744205,0,0.000298316,0.001937909,8.13E-05,0.000890833,0.000148833,0.000183843,5.27E-05,0.000272796,0,0.001214237,0.002352129,0.000447106,0,0.000208583,0.000409367,0.003428885,0.002363481,0.000667952,0.004680298,0.004036913,0,0.002884939,0.000652657,0.002724017,3.98E-05,0.000254121,0.002970816,0.04175742,0.056460892,0,0,0.000135271,0.001632617,0.028424904,0.001016919,0,0.001561731,0.005187847,0.075874471,0.000694252,0.001479321,0.000409671,0.001403626,0.00015191,0.001878766,0.000342512,0.000391039,0,0.015470386,0.0270338,0.057270008,0.001403366,0.001245217,0.013733174,0.001232955,0.075639068,0.070448404,0.000221322,0.000250135,0.000533677,0.001988993,0.000162828,0.000877531,0.00029745,4.24E-05,0.000270153,0.001877899,0.000756862,0.000105548,0.000227474,0.000513832,0.000304946,8.42E-05,7.81E-05,3.92E-05,0.004733288,0.005111503,0.005370737,0.023092296,0.037982211,0.000638878,0.000311748,0,0,0.022563776,7.11E-05,0.0002416,0.045539605,0.000242206,0.003513289,0.000724972,0.004257109,3.09E-05,0,0,6.63E-05,0,0.000323274,0.000329383,0.000230854,0.004528345,0.000238047,0.000569249,0.000266903,0.000200178,0,0.000134362,0.000264997,0.000276609,0.002209232,0.001664766,2.31E-05,5.57E-05,2.14E-05,0.000216512,0.000262527,0.001122337,0.001445438,0.006042241,0.01543477,0.031908989,4.57E-05,0.000202041,0.000178903,0.000450789,0.001284169,0.004714267,0.02522787,0.049393802,0.031611236,3.70E-05,7.93E-05,0.000165255,0.000404861,0.000109318,0.000185013,0.000637838,0.001722133
D11C110T,CML312,1,1,13,2,10,tip,58,CML312_11_14,58,0.011061362,0.002989322,0,0.004597788,0,0.000247203,0.000361777,8.23E-05,0.00702705,5.89E-05,0.000476265,0.00072842,0.008027987,0.001369757,0.000126056,5.28E-05,0.000585289,0.019509778,0.002791764,0.073638114,5.89E-05,0.000279091,0.002481084,8.45E-05,0.000629641,0.000185563,0.000244685,0,0.000235038,0,0.000428369,0.003174757,0.000465806,0.000113805,0.000138905,0.000767692,0.004228712,0.002438226,0.000752197,0.004213429,0.003051902,0,0.002196743,0.000643514,0.002549598,5.80E-05,0.000103859,0.002314944,0.032859106,0.040031293,0,0,0.000197558,0.001838039,0.025988805,0.000668231,0,0.002800088,0.005616824,0.067983127,0.000791896,0.00145129,0.000362844,0.001274223,0.000117903,0.000977758,0.000499017,0.000505506,0.000181379,0.020691326,0.032995109,0.071804514,0.001635871,0.001337357,0.012601699,0.001710404,0.0790526,0.068757564,0.000407751,0.000542729,0.000757405,0.002128443,9.50E-05,0.000285323,0.000123538,4.00E-05,0.000767607,0.007486154,0.001249165,0.000202296,0.000523776,0.002267647,0.001003925,0.000367155,0.000168957,0,0.007226742,0.006939071,0.006231482,0.028540281,0.039005256,0.000732219,0.000398403,8.17E-05,0,0.026839055,0.000285025,0.000243831,0.054326449,0.000413813,0.00393754,0.000652052,0.004882471,0.000269742,0,0,0.000167591,0,0.000330444,0.000318918,0.000116366,0.005251249,0.000526551,0.000404464,0.00026701,9.30E-05,0,0.000223853,0.000440791,3.45E-05,0.001549002,0.001194141,0.000159865,0.000104542,2.57E-05,0.000480405,0.000214932,0.000403184,0.001785918,0.009722041,0.028561967,0.021971055,0.000150004,0.000138094,0.000231494,0.000834925,0.002218727,0.005321299,0.022121273,0.047799356,0.004607435,8.92E-05,9.57E-05,0.000206181,0.000433193,0.000224622,0,0.001056047,0.00040075
D11C112B,CML312,1,1,13,2,12,base,58,CML312_13_14,58,0.009285375,0.001418259,0,0.005321991,0,0.000354653,0.000576904,0.000187504,0.010579861,5.69E-05,0.000690638,0.004745166,0.01935716,0.000864925,0,0.000860297,0.002395428,0.028626612,0.005508672,0.067655582,0.000184758,0.000274294,0.001610312,0.000187151,0.001098942,8.28E-05,0.000593415,5.40E-05,0.000257273,0.000154952,0.002695959,0.002243573,0.000274961,0.000273706,0.000352771,0.00195771,0.003562923,0.000536196,0.00146038,0.005772926,0.006855984,0,0.004494206,0.000982463,0.005892189,0.000102909,0.00064134,0.003106891,0.041181988,0.009917264,0,0,0.000768918,0.007857586,0.045366093,0.001405199,0.000480152,0.002951821,0.021104109,0.059136968,0.000570394,0.001288485,0.000499644,0.001705692,0.000103772,0.003374282,0.000691383,0.000653577,0.000235664,0.04300608,0.063040112,0.060703826,0.001059645,0.003695992,0.064265063,0.002627444,0.069507206,0.022701754,0.000833589,0.000484388,0.002801378,0.002558733,0.000251704,0.00085261,0.000796881,0,0.001149416,0.00948386,0.001441986,0.000117067,0.000550589,0.001361353,0.000230919,0.000205309,0.000156992,6.35E-05,0.005451256,0.003910164,0.006334653,0.033031204,0.038967358,0.000551177,3.27E-05,0,0.001996144,0.026915548,0.000284962,0.000632085,0.050307155,0.000128009,0.003330279,0.00138308,0.003112381,1.96E-05,0,0,0,0,0.00051741,0.000440149,0.00042156,0.002689253,0.000368889,0.001031447,0.000265274,0.00023739,0.000316493,0.00031665,0.000373007,7.64E-05,0.002795025,0.001098118,0.000161894,0.000124048,1.48E-05,0.000715816,0.000266215,0.000835472,0.002431862,0.009515627,0.008180668,0.005127193,0.000148481,0.000282138,0.00032618,0.001116002,0.001902176,0.004987301,0.010905139,0.006143266,0.000521645,0.000105576,8.86E-05,0.000214329,0.00015354,0.000139108,1.53E-05,0.000404853,0.000406853
D11C112C,CML312,1,1,13,2,12,center,58,CML312_13_14,58,0.003104048,0.001806916,0,0.003503331,0,0.000247545,0.000424931,0.000173547,0.007910368,0.000226895,0.000656326,0.000370722,0.013108955,0.001470777,0.000166895,0.000221136,0.000780761,0.038418327,0.003551649,0.05709133,0.000101368,0.000329123,0.002454738,0.000101666,0.001028042,0.000206144,0.000448064,4.19E-05,0.000146641,6.14E-05,0.001083044,0.002857926,0.000370458,0.00010524,0.000340077,0.000967016,0.003587754,0.001296933,0.001010568,0.004547192,0.005006475,0,0.00299252,0.000846255,0.003345239,6.14E-05,0.000336437,0.002647148,0.045404405,0.046976318,0,0,0.000212101,0.003259327,0.037495195,0.001430634,0.000672807,0.001240176,0.007986684,0.059035621,0.000727082,0.001265162,0.000386873,0.001801456,0,0.002775355,0.00053219,0.000607943,0.000187711,0.023582048,0.03783236,0.055289014,0.00187155,0.001945184,0.033094445,0.00257712,0.058509488,0.052995115,0.000410369,0.000568527,0.001283828,0.002677429,0.000166067,0.000609564,0.000590601,0,0.000400077,0.002748119,0.001297231,8.86E-05,0.0002261,0.000724236,0.000242383,0.000101004,4.20E-05,5.66E-05,0.006273159,0.006276171,0.00542386,0.030639278,0.040128443,0.000649542,0.000306486,0,0,0.024867861,0.000248869,0.000254098,0.049517101,0.000232024,0.005363297,0.000880673,0.006790688,0.000242648,0,1.50E-05,4.63E-05,0,0.000246652,0.000225571,0.000245262,0.004373976,0.000365328,0.000440651,0.000137871,0.000124931,0,0.000175102,0.000545725,7.61E-05,0.001663618,0.001630358,0.000138036,0.000114937,1.69E-05,0.000600232,0.000178875,0.000769972,0.001920066,0.010037307,0.025466901,0.02337074,6.47E-05,0.000169079,0.000230204,0.000713216,0.001257187,0.006491218,0.02235223,0.040723909,0.011672596,0.000103519,0.000109972,0.000236657,0.000456933,0.000338092,0.000183111,0.000704843,0.001690656
D11C112T,CML312,1,1,13,2,12,tip,58,CML312_13_14,58,0.000497323,0.002479842,0,0.003584693,0,0.00026196,0.000413638,0.000148173,0.006839434,0.00026344,0.000670146,0.000886195,0.011067872,0.00123149,0.000129053,0.000160323,0.00118807,0.039037148,0.002977009,0.067176327,0,0.000326915,0.002166011,6.76E-05,0.000496038,0.000178002,0.000392454,0,0.000216321,0,0.000982692,0.003635785,0.000384393,3.46E-05,0.000134388,0.000982614,0.004472095,0.002235639,0.000887207,0.003885868,0.003056723,0,0.002401218,0.000878095,0.003103764,7.32E-05,0.000318815,0.004756486,0.053481375,0.054318309,0,0,0.000160868,0.002142335,0.026281936,0.001232113,0,0.003397462,0.006024114,0.063979998,0.000550089,0.001508949,0.000242645,0.001392163,0.000132012,0.001903311,0.000398645,0.000399152,0.000174575,0.016093249,0.061940976,0.064405552,0.001159136,0.001414009,0.017909331,0.001066962,0.067451216,0.046328734,0.000414923,0.000223136,0.00087054,0.001864953,0.000182558,0.000474075,0.000146343,5.56E-05,0.000157246,0.002511384,0.001632316,0.000116903,0.000225355,0.000627427,0.000262389,0.000150704,4.00E-05,0,0.007225463,0.006179101,0.00611033,0.031184375,0.036111464,0.000664734,0.000309469,0,0.000847487,0.022331775,0.000237271,0.000241789,0.053538503,0.00020974,0.006148298,0.00090403,0.005130559,0.000222357,0,0,0.000147355,0,0.000554529,0.00080874,0.00045881,0.005037138,0.000694952,0.001099673,0.000755896,0.000194319,0,0.000264608,0.000411847,6.26E-05,0.002099499,0.001235968,0.000132246,0.000121264,3.19E-05,0.000380265,0.000224927,0.000520572,0.001458403,0.010033582,0.025344027,0.017018658,0.000204989,0.000232443,0.000141319,0.000859169,0.002160676,0.005138542,0.020929059,0.03641883,0.003627724,0.000109621,0.000121732,0.00024432,0.000508578,0.000234974,0,0.000633814,0.00122156
D11C14B,CML312,1,1,13,2,4,base,58,CML312_5_14,58,0.000175182,0.00282655,0,0.005058869,0,0.000320951,0.000420341,8.43E-05,0.005142067,2.76E-05,0.0002893,0.001023745,0.013092727,0.000652238,6.59E-05,0,0.000795983,0.027694954,0.001875926,0.074290849,0,0.000144994,0.001149103,0,0.000700727,0.000264366,0.000631481,0,0.000368579,0,0.000288611,0.00233692,0.000136769,0.00020623,0,0.000410523,0.002346307,0.002244376,0.000925216,0.004816379,0.002828316,0,0.001900946,0.000728589,0.001659145,2.09E-05,0.000288654,0.000691942,0.007132025,0.015529252,0,0,0.000333354,0.002340666,0.032646724,0.000444629,0,0.004386693,0.004373903,0.080386985,0.000591432,0.0007518,0.000272806,0.00061671,0,0.000265012,0.000283745,0.000485453,0.000261136,0.013320532,0.076830769,0.07282945,0.000738623,0.001200951,0.008526977,0.00084176,0.06138872,0.06087618,0.000310358,0.000405786,0.000453759,0.001022583,0.000262299,0.000188531,0.000105807,8.75E-05,0.001006692,0.010879313,0.002920342,0.000295888,0.001390817,0.002147312,0.00148237,0.000430935,0.000570547,0,0.003011981,0.004730166,0.00250814,0.01084103,0.026644897,0.000122386,0.00012174,0,0.001469365,0.013310584,0.000166225,0.00020847,0.046240105,0.000144607,0.003163693,0.000342052,0.002380844,0.000121999,0,2.81E-05,0.000548326,0,0.003034804,0.005534934,0.002926629,0.003408121,0.003340081,0.007493542,0.005313158,0.001227995,0,0.000179488,0.001528922,0.000189823,0.00873002,0.003242155,0.000529593,0.000203216,0,0.000939126,0.001770895,0.002452545,0.004470795,0.009581125,0.028934274,0.027549787,0.00101229,0.0009486,0.00069711,0.000734661,0.00239006,0.006133816,0.019183265,0.089955707,0.007830857,0,0.000175612,0.000324353,0.000765882,0.000220915,0,7.85E-05,0.00031897
D11C14C,CML312,1,1,13,2,4,center,58,CML312_5_14,58,0.000264316,0.00307793,0,0.005398028,0,0.000388788,0.000512731,0.000144526,0.005211098,1.46E-05,0.000268998,0.001003199,0.013301669,0.000849,6.51E-05,0.000319838,0.000940875,0.0355748,0.002268992,0.076196782,0,0.00016078,0.001502237,0.0001254,0.001015744,0.000258,0.000527086,0,0.000389981,0,0.000602573,0.001932237,0.000320413,0,0.00020981,0.000173855,0.002067708,0.002118724,0.00095872,0.00564684,0.00518919,0,0.003502585,0.000808231,0.001747913,4.03E-05,0.000125842,0.000363744,0.004137138,0.008980826,0,0,0.000330969,0.00216422,0.038864086,0.000618519,0,0.000939462,0.005510574,0.076366529,0.000875282,0.000852711,0.000261798,0.000862914,0,0.001539561,0.000303804,0.000561892,0.000210826,0.015584178,0.054612224,0.064474428,0.001134827,0.001352499,0.008784974,0.00087113,0.076503502,0.082136914,0.000243644,0.000383753,0.000607476,0.001345609,6.57E-05,0.000440512,0.000121778,6.71E-05,0.002551153,0.024174316,0.001475912,0.000445989,0.002862997,0.006147865,0.004337848,0.001107707,0.001192117,0,0.003131641,0.006034303,0.00288707,0.012875733,0.03779145,0.000104772,6.63E-05,0,0.000909602,0.013951858,0.000198237,0.000197839,0.049070377,0.000305439,0.003920968,0.000429381,0.003634257,0.00018715,0,0,0.000516662,0.000233971,0.001990939,0.003135043,0.002250617,0.003623656,0.003002266,0.005760491,0.003914386,0.001122813,0,7.67E-05,0.000896572,0.000844186,0.007541399,0.003975341,0.000115859,0.000223768,0,0.00081998,0.001040921,0.002589228,0.003276609,0.006977652,0.020974696,0.032805489,0.00058676,0.000588616,0.000523552,0.000583845,0.00112352,0.005375633,0.018936274,0.048719001,0.005705233,0.000162812,0.000129773,0.000172353,0.000558624,0.000163696,0,0,0.001268266
D11C14T,CML312,1,1,13,2,4,tip,58,CML312_5_14,58,0.000162739,0.003459488,0,0.00686225,0,0.000476314,0.000498435,0.00011274,0.003954625,8.70E-05,0.000277289,0.000623982,0.008081173,0.000336408,0,0,0.000711043,0.026484925,0.001588577,0.111575589,0,0.000123865,0.000771391,0,0.000258273,0.000202776,0.000284792,0,0.000590477,0,0,0.001698988,7.13E-05,0,0,0.000363963,0.001679778,0.002201886,0.00083756,0.005830128,0.00310167,0,0.001993418,0.000693838,0.001910626,5.67E-05,0.000197214,0.000928438,0.007052802,0.019343509,0,0,0.000299346,0.001547375,0.026530331,0.000428709,0,0.001058124,0.003640984,0.105828382,0.000487116,0.000732841,0.000398244,0.000647138,0,0.0004833,0.000190422,5.06E-05,0.000248118,0.009596013,0.092633363,0.11124028,0.000489703,0.001208379,0.006868395,0.000995771,0.069898799,0.079883677,0.000215842,0.000329035,0.000427221,0.000490674,0.000280976,0,9.44E-05,7.46E-05,0.005515712,0.012715535,0.001980676,0.001152042,0.001896978,0.00272393,0.002107128,0.000755544,0.000986522,0,0.002540235,0.003859802,0.002584671,0.011782052,0.021500377,0,2.85E-05,0,0.000777018,0.010399162,0,0,0.044508479,0.000168819,0.003304899,0.000374118,0.001361027,0.000125029,0,0,0.000655482,0,0.003193194,0.005041079,0.002255766,0.002944753,0.003279091,0.00757905,0.004676276,0.001027594,9.66E-05,0.0002335,0.001312258,0.00013512,0.007887193,0.002167476,0.000420041,0.000170888,4.19E-05,0.001038784,0.001219892,0.001569496,0.002432282,0.005004793,0.014552618,0.020804016,0.001103336,0.00079694,0.000743255,0.000530388,0.001279529,0.003282778,0.010014437,0.021534723,0.003979398,6.45E-05,0.000154847,0.00017975,0.000392681,0.000113969,0,3.53E-05,0.000122571
D11C16B,CML312,1,1,13,2,6,base,58,CML312_7_14,58,0.000181027,0.001951495,0,0.006832621,0,0.000375812,0.000443171,6.69E-05,0.005715776,0.000113581,0.000230504,0.000531709,0.014073648,0.001135768,0.000123477,0.000301899,0.000944195,0.031842569,0.002875552,0.074869735,0,8.51E-05,0.001806882,0.000128207,0.001160116,0.00028289,0.000344606,0,0.00021488,0,0.001240843,0.002830719,0.00043232,0,0.000326204,0.000381801,0.002795867,0.002693831,0.001139718,0.005838558,0.005213623,0,0.003490635,0.00075809,0.002642444,5.22E-05,0.000262404,0.002043202,0.032079019,0.05528599,4.21E-05,0,0.00023875,0.002546701,0.037257356,0.000904743,0,0.000805658,0.006191193,0.0711489,0.000989549,0.001255816,0.000304677,0.000963595,0.000109979,0.000808306,0.000251337,0.000389787,0.000158936,0.015634662,0.056987928,0.067912813,0.001126741,0.000708135,0.008400102,0.000737909,0.069608154,0.067380453,0.000110586,0.000185584,0.000253073,0.001469047,0.000109154,0.000785737,0.000207154,3.60E-05,0.000371428,0.002766398,0.001041674,0.00013016,0.000261797,0.000634397,0.000379978,0.00034504,4.78E-05,0,0.005644164,0.007000584,0.004079634,0.022189992,0.044133552,0.000287577,0.000267352,0,0,0.020313451,0.000269131,0.000233846,0.007195282,0.000267569,0.003694144,0.000533575,0.005534358,0.000156635,0,0,5.39E-05,0,0.000334537,0.000238316,0.000316829,0.004374546,0.000245,0.000329242,0.000185844,0.000271041,0,0,0.000132244,0.001009861,0.00238885,0.003192078,6.83E-05,4.75E-05,0,3.09E-05,0.000225426,0.001074399,0.001487188,0.005148608,0.017431258,0.032049159,3.31E-05,0.000128121,5.98E-05,0.000567689,0.001450992,0.004165916,0.021939003,0.05088115,0.036991871,3.49E-05,3.04E-05,0.000237926,0.00022586,0.000186929,0.000253116,0.000489523,0.001748855
D11C16C,CML312,1,1,13,2,6,center,58,CML312_7_14,58,0.000133734,0.002523653,0,0.005858566,0,0.000483731,0.000458885,8.12E-05,0.005838096,0.000113479,0.00035286,0.000663591,0.009903574,0.000860842,9.67E-05,0.000267143,0.000615412,0.025777518,0.002372474,0.093172849,0,0.000174513,0.001242274,0.00010878,0.000945101,0.00023317,0.000401849,0,0.000283455,0,0.001260638,0.003148842,0.000501501,0,0.000204759,0.000497234,0.003181195,0.003729902,0.000791113,0.006674848,0.004594039,0,0.002447335,0.000644686,0.001707803,1.64E-05,0.000104459,0.002729169,0.03648063,0.063386997,0,0,0.000226958,0.001619224,0.02673569,0.000580952,0,0.000849824,0.004757209,0.099432615,0.000687032,0.000953473,0.000277081,0.000744825,0,0.0008145,0.000159173,2.11E-05,0,0.009832872,0.079437507,0.087548748,0.000645335,0.000891143,0.004105501,0.000637449,0.06482782,0.064170278,0.000221395,0.000204975,0.000349727,0.001082723,6.97E-05,0.000499826,0.000143078,6.31E-05,0.000590945,0.003635381,0.00135867,0.00021783,0.000365607,0.000760326,0.000522025,0.000170624,0.000160685,5.36E-05,0.004397003,0.005022677,0.004107229,0.018847625,0.037626115,0.000189852,2.94E-05,0,0,0.018406078,0.000277243,0,0.053897371,9.56E-06,0.003221164,0.00058657,0.003175361,0,0,0,9.78E-05,0,0.00022631,0.000285345,0.00017246,0.00397436,0.000549679,0.000407358,0.000213077,9.18E-05,0,0.000129737,0.000783119,7.98E-05,0.000853821,0.001022068,7.73E-05,9.19E-05,1.51E-05,0.000418268,9.96E-05,0.000410005,0.000991497,0.004579564,0.013125763,0.020639957,7.01E-05,0.000131789,0.000195901,0.000395907,0.000730241,0.003708243,0.014029545,0.025027346,0.008920935,6.41E-05,6.53E-05,0.000149775,0.000395637,0.000128818,0,0,0.001365908
D11C16T,CML312,1,1,13,2,6,tip,58,CML312_7_14,58,0.000438567,0.003435061,0,0.00639793,0,0.000367462,0.000465365,6.48E-05,0.006925622,2.51E-05,0.000431461,0.000954741,0.012675802,0.001199824,0.000149641,9.80E-05,0.000868077,0.027901172,0.003012517,0.080119743,0.000101386,5.32E-05,0.001919746,0,0.00064394,0.000260781,0.000519007,0,0.000252374,0,0.000495089,0.002593503,0.000215545,9.66E-05,0,0.00055802,0.002911409,0.002551007,0.000930079,0.006058195,0.004225298,0,0.002413302,0.000830829,0.002157258,4.40E-05,0.000154239,0.001911154,0.024434019,0.041318353,1.95E-05,0,0.000279683,0.00241019,0.032110865,0.001014003,0,0.003840467,0.006909831,0.065927557,0.000858231,0.001434364,0.000306295,0.000917679,0,0.001101874,0.000263335,0.000396164,0.000218749,0.018681794,0.082613067,0.068896789,0.001101688,0.001171307,0.008755824,0.000871375,0.0797122,0.07551082,0.000344286,0.000212201,0.000576226,0.001437568,0.000310057,0.000552818,0.000131853,6.20E-05,0.000837703,0.007447137,0.001870794,0.00023101,0.000580916,0.001702483,0.00096533,0.000465458,0.000209832,0,0.005147157,0.00626812,0.005186681,0.022528438,0.045191424,0.000274946,0.000262174,0,0,0.019390524,0.000241367,0.000207556,0.059874378,0.000245176,0.003491165,0.000622251,0.004559274,0.000210993,0,0,0.000139284,0,0.000393563,0.000425609,0.00015684,0.004551983,0.000572789,0.000536423,0.000397464,0.000109189,0,0.00019511,0.000206349,0,0.001408681,0.001199452,0.000179783,9.89E-05,1.89E-05,0.000258598,0.000209182,0.000498711,0.000969649,0.005792212,0.017019625,0.018984699,0.000128091,0.00015122,0.000214662,0.000465086,0.001381604,0.002587605,0.013096024,0.030958461,0.004368809,7.00E-05,0.000105891,0.000169148,0.000344611,0.000142071,0,0,0.001351508
D11C18B,CML312,1,1,13,2,8,base,58,CML312_9_14,58,0.000196733,0.002169242,0,0.010036917,0,0.000415065,0.000437975,0,0.005266255,0.000107372,0.000221713,0.000226888,0.010218124,0.000475859,7.22E-05,0.000350614,0.000286371,0.030730554,0.002363215,0.119047102,0.000103162,0.00015533,0.001177433,7.98E-05,0.000591925,0.000186797,0.000284646,0,0.000617733,0,0.00078024,0.002221271,0.000241242,0,0.00016368,0.000233996,0.002057039,0.002360937,0.000692879,0.004480012,0.001050187,0,0.001988448,0.000523541,0.001651704,3.36E-05,0.000165336,0.001063022,0.009555745,0.017866433,0,0,0.000228269,0.001832083,0.026733577,0.000780171,0,0.001460905,0.004533008,0.107205565,0.0006561,0.000913212,0.000260356,0.000774788,9.70E-05,0.000586543,0.000185347,0.000220816,0.000106613,0.009629097,0.10994817,0.093217905,0.000534789,0.000904587,0.005127831,0.000128073,0.080482409,0.077877331,0.000239171,0,0.000444599,0.001171981,7.00E-05,0.000556594,0.000116273,6.21E-05,0.000356135,0.002403445,0.002038753,0.000138355,0.000285198,0.000543,0.000381943,0.000148844,0.000239033,5.84E-05,0.003808387,0.004194401,0.003718404,0.019424911,0.03515343,0.000235652,0.000197078,0,0,0.014061772,0.000288096,0,0.041625203,0.000173203,0.003043811,0.000467371,0.002212853,0.000118206,0,0,0.000160368,0,0.000603587,0.000638848,0.000636571,0.00264234,0.000649682,0.001453453,0.000413409,0.000300172,7.05E-05,0.000134008,0.000394778,0.000369798,0.001835533,0.00142171,0.00012621,5.89E-05,0,0.000546313,0.000345094,0.000931913,0.001363332,0.003796242,0.010363794,0.023596126,7.63E-05,0.00027464,0.000246831,0.00032736,0.000628843,0.002033647,0.012507986,0.021212417,0.012451609,0,6.56E-05,0.000134698,0.000326463,8.65E-05,7.23E-05,0.000472615,0.000879745
D11C18C,CML312,1,1,13,2,8,center,58,CML312_9_14,58,0.001598499,0.003194873,0,0.005173164,0,0.000311559,0.000428665,9.14E-05,0.007378773,0.000176037,0.000485802,0.000676571,0.010090158,0.001161192,0.000102137,6.95E-05,0.000804916,0.016953852,0.002594987,0.081458746,9.62E-05,3.56E-05,0.001711261,7.62E-05,0.000830698,0.000205975,0.00040208,6.09E-05,0.000273594,0,0.000535666,0.003571548,0.000314676,0.000174809,4.81E-05,0.000748582,0.004927288,0.003365196,0.000845195,0.004613887,0.003342577,0,0.002135582,0.000627698,0.003065348,6.26E-05,0.000448214,0.003334456,0.040313835,0.073512008,0,0,0.000178162,0.002040008,0.022993129,0.000884246,0,0.002822588,0.006388281,0.086617743,0.000752218,0.001435306,0.000344141,0.000856339,0.000129903,0.001706491,0.00030372,0.000332808,0.000176226,0.017057123,0.006061895,0.074217714,0.001403527,0.0014303,0.014320381,0.001195946,0.07485769,0.085258698,0.000493404,0.00059573,0.000614429,0.001732888,0.000125984,0.000260703,0.000122395,0,0.000450339,0.004279946,0.002497524,0.000168765,0.000569476,0.001228245,0.000756657,0.000187275,0.000137458,0,0.005899316,0.006206436,0.006414914,0.02361483,0.03449111,0.000420118,0.000354057,0,0,0.019844768,0.000213246,0.000176981,0.056321394,0.000381823,0.003382904,0.000628359,0.000495482,8.78E-06,0,0,0.000167915,0,0.000469605,0.000528158,0.000144966,0.005236014,0.000175093,0.000657683,0.000470833,9.91E-05,0,0.000264905,0.000428807,0,0.001951281,0.0016316,0.000165649,0.000100107,2.47E-05,0.00047631,0.000208808,0.00051267,0.001534515,0.00686072,0.023281833,0.024249423,0.000182081,0.000260136,0.000276758,0.000884576,0.00180131,0.00606402,0.014952234,0.03824592,0.005298864,0.000239643,0.000147846,0.000475224,0.001221068,0.000170607,0,0.000525136,0.000343055
D11C18T,CML312,1,1,13,2,8,tip,58,CML312_9_14,58,0.000338217,0.002337989,0,0.005314697,0,0.000377694,0.000452819,8.36E-05,0.00536236,4.11E-05,0.000387684,0.000554659,0.009585299,0.000910788,0.000107385,0.000219698,0.000988334,0.025050868,0.002442997,0.075919259,0,0.000164686,0.001253098,9.49E-05,0.000756841,0.000213273,0.000403396,4.04E-05,0.000323562,3.99E-05,0.001153679,0.003134395,0.000272642,0.000237082,0.000300677,0.000526272,0.004935374,0.003914253,0.000958715,0.002190468,0.004655118,0,0.002506284,0.000886318,0.002632593,5.18E-05,0.000531113,0.004246705,0.05318103,0.071718852,0,0,0.000184974,0.00166402,0.020828809,0.000407621,0,0.002503995,0.00672315,0.08370019,0.000527988,0.001148178,0.000249361,0.000541059,0.000185238,0.000817619,0.000169131,4.17E-05,0.000132734,0.008625572,0.070163625,0.070228584,0.000709574,0.000981116,0.009159854,0.000473372,0.059536741,0.051303518,0.000289278,0.000370653,0.00032431,0.000974954,7.21E-05,0.000476101,0.000115658,8.77E-05,0.000668821,0.003575596,0.000935918,0.000187351,0.000462193,0.000779198,0.000487323,0.000183566,0.000131194,0,0.004213521,0.003578765,0.006625404,0.019428673,0.026053461,0.000301821,0.000259439,0,0.000618957,0.017107011,0.000235938,0.000190696,0.053406714,0,0.003742306,0.000669877,0.006225,2.64E-05,0,0,0.000202754,0,0.000800763,0.000708474,0.000667588,0.005104417,0.000548365,0.001306482,0.000496433,0.000308334,0,0.000307058,0.000346711,0.000125649,0.002760354,0.002155876,0.000230261,0.000155135,0,0.000537935,0.000329151,0.000742185,0.002118995,0.006944961,0.019748758,0.028863634,0.00022982,0.000363259,0.000284481,0.001393402,0.003374074,0.006554019,0.020467134,0.044525619,0.007677464,3.76E-05,0.000223747,0.000652449,0.00187716,0.000211204,2.82E-05,0.000596028,0.000381611
D11C210B,CML312,1,2,10,2,10,base,58,CML312_11_11,58,0.000622879,0.000674846,0,0.007024684,0,0.000369094,0.000498262,0.00016102,0.01086977,3.75E-05,0.000604833,0.000952209,0.020877148,0.001166644,0.000143853,0.00085417,0.000720349,0.021970779,0.006207692,0.089201474,0.000136096,0.00028905,0.001666871,0.000194217,0.001181795,9.12E-05,0.000310095,0,0.000336415,3.55E-05,0.001872463,0.002069007,0.000412219,0.000225655,9.19E-05,0.001779647,0.004252289,0.001321924,0.001171608,0.00597547,0.002284579,0,0.003240253,0.000987992,0.002381325,3.89E-05,0.00017312,0.005565268,0.065153725,0.011230487,0.000107553,0,0.000603592,0.006501137,0.043576911,0.001743451,0.00056693,0.002224545,0.021185226,0.095437606,0.000514498,0.001248085,0.000494487,0.001705238,0.00016071,0.002660861,0.00045007,0.000531769,0.00016283,0.021552924,0.06075929,0.087518987,0.001127501,0.001719924,0.014912381,0.00154458,0.071862213,0.019045224,0.000462014,0.000987164,0.001639414,0.001995529,0.000369301,0.000633427,0.000586993,5.45E-05,0.001764703,0.003036935,0.002366381,0.000141216,4.69E-05,0.000372093,7.78E-05,0.00012348,4.03E-05,7.67E-05,0.003870371,0.005399956,0.006048017,0.029731687,0.055442429,0.000466616,2.85E-05,0.00014923,0,0.029795599,0.000384348,0.00051,0.059079647,3.59E-05,0.002776222,0.001639465,0.000362114,6.31E-05,0,0,6.13E-05,0,0.000284551,0.000259111,0.000134855,0.001513969,0.000406479,0.000290187,0.00022912,0.000100883,0.000217382,7.24E-05,0.000772161,7.24E-05,0.000745841,0.000426749,4.86E-05,7.28E-05,1.60E-05,0.000336104,0.000154867,0.000374834,0.001242655,0.005574265,0.006639716,0.002946394,6.59E-05,0.000135166,0.000234446,0.000582029,0.001280247,0.004883544,0.012796061,0.006747269,0.000871286,4.36E-05,7.90E-05,0.000137337,0.000213038,0.000141681,0,0.000428869,0.000464083
D11C210C,CML312,1,2,10,2,10,center,58,CML312_11_11,58,0.002265015,0.001399267,0,0.007356828,0,0.000278191,0.000457936,9.39E-05,0.01143755,0.000254162,0.000686322,0.001991323,0.016845397,0.001644378,2.58E-05,0.000141583,0.001147486,0.033641835,0.005240064,0.091304191,5.62E-05,0.000377644,0.002681138,4.01E-05,0.000431472,0.000159473,0.000227274,0,0.00037902,0,0.000275651,0.002232517,0.00047572,0.00012454,9.64E-05,0.001431712,0.004219765,0.001767118,0.00082907,0.003828148,0,0,0.001971422,0.001233865,0.002028161,0,0.00025395,0.001616008,0.039254991,0.01870911,0,0,0.00054495,0.005107214,0.053190864,0.002467043,0.001079791,0.004722849,0.017960226,0.068318737,0.000870089,0.001422873,0.00083812,0.002924714,0,0.001955861,0.000494774,0.000620108,0.000135444,0.020938345,0.047538224,0.090119549,0.001423561,0.001838678,0.020201159,0.002026785,0.086868055,0.03515368,0.000444439,0.000588987,0.001907855,0.003084346,0.000115595,0.000144971,0.000221558,4.60E-05,0.000304444,0.002546277,0.001193216,9.48E-05,0.000135761,0.000474079,0.000145447,0.000158203,2.45E-05,0,0.003902406,0.006454664,0.006197221,0.028140728,0.063826232,0.000408395,1.15E-05,0,0,0.024250125,0.000138513,0.00035933,0.059562854,7.00E-05,0.003222489,0.001152409,0.002284652,0.000235955,0,0,0.000128034,0,0.000153757,0.000140578,0.000151269,0.002686907,0.000475561,0.000363988,0.000197158,6.82E-05,0.000151375,0.000229444,0.000328632,0,0.001455741,0.000462964,5.51E-05,7.52E-05,3.48E-05,0.000312648,0.000147247,0.000529866,0.00166846,0.005760562,0.01192719,0.005514815,0,0.000164184,0.00029497,0.000711463,0.001519096,0.004553954,0.009118283,0.007730872,0.000493768,8.27E-05,0.000106492,0.00015381,0.00015471,0.000187684,0,5.55E-05,0.000131633
D11C210T,CML312,1,2,10,2,10,tip,58,CML312_11_11,58,0.000642569,0.000958619,0,0.006334353,0,0.000272061,0.000434737,6.50E-05,0.012614107,0.000238217,0.000675151,0.001635874,0.012826754,0.00178892,1.14E-05,0.000312123,0.000746158,0.037615322,0.004371071,0.080638961,0,0.000325211,0.003063401,0.000121773,0.000722926,5.13E-05,0.000362281,0,0.000297257,0,0.001829963,0.002379414,0.000935339,0.00014552,0.000159918,0.000903505,0.004748264,0.00213297,0.000755461,0.004462693,0.004467134,0,0.003055547,0.000780844,0.002423916,5.21E-05,7.98E-05,0.001078101,0.019482485,0.011049334,3.17E-05,0,0.000347836,0.00358976,0.045232383,0.001693044,0.001012376,0.001266628,0.010781854,0.075116725,0.000999942,0.001584126,0.000574741,0.002967992,0,0.000912434,0.000505277,0.000620879,0.000135329,0.024684932,0.051872221,0.076644755,0.001554349,0.001540652,0.015697234,0.00247328,0.085642831,0.049144643,0.000332878,0.000675385,0.001595672,0.003137727,6.62E-05,0.000460073,0.000262712,6.67E-05,0.000456474,0.004613215,0.001528124,0.000111442,0.000249763,0.001130503,0.000308383,0.000275707,0.000118594,0,0.006164338,0.010143024,0.005407428,0.030789576,0.059626575,0.000520376,1.45E-05,0.000126868,0,0.032764965,0.000341666,0.000279961,0.063994981,0.000255326,0.00409915,0.000931179,0.000330727,0.000291367,0,0,0.000117987,3.34E-05,0.000261356,0.000204186,0.000201989,0.003222757,0.000628172,0.000318714,0.000294593,0.000109526,9.16E-05,0.000188386,0.000534727,7.90E-05,0.001277192,0.000792998,0.000124999,7.97E-05,4.96E-05,0.00084568,0.000194183,0.000453529,0.001127184,0.007366456,0.011775017,0.009886342,9.25E-05,0.000162068,0.000113125,0.000643458,0.001504144,0.004839044,0.016533425,0.016197649,0.001992966,0,8.61E-05,0.000162582,0.000317452,0.000210263,0,8.85E-05,0.000650049
D11C212B,CML312,1,2,10,1,12,base,58,CML312_13_11,58,0.008355665,8.04E-05,0,0.007594219,0,0.000500954,0.000810438,0.000232288,0.005535455,0.000187736,0.000202406,0.008138968,0.02852041,0.000383592,0,0.000801127,0.002072839,0.005858363,0.008262934,0,0.000172308,0.000205763,0.000467987,0.000119582,0.000527751,3.55E-05,0.000793385,0,0.000416181,0.000736599,0.002188468,0.001048464,0,0.000402052,0.000743853,0.005447596,0.004519471,0.000279547,0.002162268,0.007873333,0.007311315,0,0.004155475,0.001135186,0.017374957,0.000204463,0.001866264,0.026672822,0.034101933,0.00179091,0.00037937,0,0.00151618,0.005039968,0.00734569,0.00069405,3.22E-05,0.005784092,0.015175662,0.096296834,0,0.001183853,0.000195964,0.000280467,0,0.017561611,0.001940698,0.005520298,0.000890718,0.091500306,0.062674203,0.080666448,0.000223789,0.009077757,0.06870076,0.007314401,0.064839339,0.008026369,0.000938951,0.005139953,0.003707572,0.000929586,0.000213071,0.000157313,0.000195531,0,0.002600048,0.027447585,0.002713621,0.000181944,0.000692047,0.000941063,0,0.000271211,0.0001375,0,0.005033689,0.000258922,0.009478726,0.013502331,0.001932903,0,0,0,0.001167071,0.016952605,0.00027998,0.001105467,0.032645408,0,0.000990487,0.001592942,0.002506559,9.64E-05,0,0,0.000170955,0,0.000707746,0.001053228,0.000488017,0.001028056,0.000812549,0.001537942,0.000967317,0.000259247,5.89E-05,6.10E-05,0.000568026,6.86E-05,0.002258951,0.000486501,0.00014497,8.34E-05,5.22E-05,0.000555088,0.000313543,0.000738115,0.004635967,0.017773707,0.008742019,0.000945393,0.000265797,0.000247771,0.000554872,0.002840132,0.009268037,0.026136572,0.020976102,0.006418107,0.000161644,6.74E-05,0.000190713,0.000381102,0.000217889,0.000154336,0,0.000608627,3.68E-05
D11C212C,CML312,1,2,10,2,12,center,58,CML312_13_11,58,0.009710629,0.000725575,0,0.004876698,0,0.000282441,0.000417458,3.44E-05,0.008672838,4.31E-05,0.000613426,0.004067967,0.017556005,0.000976253,0,0.000605856,0.001798213,0.023763627,0.006927071,0.067315163,0.000155347,0.000379216,0.002069181,9.32E-05,0.000668408,3.28E-05,0.000311786,0,0.000228747,9.35E-05,0.00180469,0.001263962,0.000356232,0.000227225,8.64E-05,0.001798056,0.003269616,0.000617172,0.001209643,0.004789211,0.004765213,0,0.002974492,0.000773611,0.003736436,5.60E-05,0.00060929,0.009270382,0.067226232,0.034125495,0.000281427,0,0.000721478,0.006998794,0.034666262,0.002047563,0.000594461,0.004460138,0.026654691,0.073373487,0.000541157,0.001530639,0.000651043,0.001998317,0,0.003252134,0.000710123,0.00126724,0.000216884,0.041738378,0.030656828,0.064867078,0.001675879,0.003528917,0.048701154,0.002686354,0.064872619,0.016780482,0.000239127,0.002758349,0.003452356,0.002708947,0.000403995,0.000381596,0.000270579,7.23E-05,0.000330868,0.002659311,0.002035037,8.45E-05,0.000206895,0.000269408,0,0.00012288,2.60E-05,0,0.004598198,0.005029353,0.00696543,0.037373297,0.04992906,0.000549235,0.00035553,0.000187774,0,0.027720928,0.000346906,0.00083234,0.056536112,0.000252433,0.003647817,0.002349047,0.000345735,0.000285914,0,0,0.000115934,0,0.000324936,0.000387411,0.000154683,0.002179575,0.000352798,0.000533392,0.000366183,0.000157532,0.000433105,0.000312996,0.000366378,0,0.00092849,0.000278266,0.000109613,0.000174155,1.19E-05,0.000621972,0.000172672,0.000426003,0.000981677,0.006755609,0.005634155,0.001303648,8.67E-05,0.000133221,0.000302811,0.001266108,0.003339114,0.008484284,0.01496545,0.006042754,0.000264452,4.40E-05,0.000113047,0.000198115,0.000196164,0.000139738,0,0.00085146,0.00031042
D11C212T,CML312,1,2,10,2,12,tip,58,CML312_13_11,58,0.004606841,0.000817469,0,0.00551824,0,0.000447409,0.000698791,0.000113067,0.009682932,6.87E-05,0.000633666,0.002217505,0.014178258,0.001003025,0.000165167,5.42E-05,0.000724941,0.026303276,0.005264753,0.086418738,5.95E-05,0.000219621,0.001899846,3.93E-05,0.00048994,9.98E-05,0.000345062,0,0.000293012,0,0,0.00153219,0.000541339,0,0,0.001255559,0.003605669,0.000943511,0.001045356,0.004920543,0,0,0.00242846,0.000972115,0.005372961,0.00011447,0.000659766,0.005680801,0.070692058,0.022095752,0,0,0.000403925,0.005306233,0.036845507,0.001251051,0.000651099,0.0041166,0.021133405,0.08151112,0.000493998,0.001714139,0.00059399,0.001792941,0.000126593,0.000666679,0.000551458,0.000580013,0.000190015,0.026030753,0.074287608,0.085132018,0.001122304,0.002268052,0.028914687,0.001867183,0.059727417,0.023388883,0.000591685,0.000935145,0.002311436,0.002534814,0.000160708,9.42E-05,0.000293213,7.25E-05,0.000105352,0.001610641,0.001538703,8.51E-05,7.15E-05,2.54E-05,0,0.000105001,3.10E-05,0,0.006029771,0.005974715,0.006428586,0.03971361,0.051373786,0.000808151,0.000334592,0,0,0.026620685,0.000355081,0.000452969,0.063145977,0.000287953,0.004058037,0.001767592,0.00344451,0.000262604,0,0,0.000146531,0,0.000363698,0.000400018,0.000234951,0.002910736,0.000495852,0.000556819,0.000335494,7.01E-05,0.000186608,0.000215113,0.000349471,3.54E-05,0.001294735,0.000289005,6.94E-05,4.99E-05,0,0.000320866,0.000119279,0.000483528,0.001260619,0.003626509,0.004461862,0.00195926,0.000131452,0.000140319,0.000430626,0.000644988,0.001126762,0.002618074,0.003386098,0.003524463,0.00020855,4.41E-05,8.50E-05,0.00010435,8.96E-05,0.000123888,0,0.000544595,4.51E-05
D11C26B,CML312,1,2,10,2,6,base,58,CML312_7_11,58,0.000206979,0.002044951,0,0.007297798,0,0.000519933,0.000576096,6.24E-05,0.011170468,0.000155282,0.000306601,0.001432315,0.016162878,0.000633328,7.86E-06,0.000225721,0.001048607,0.043257987,0.00232237,0.108494335,9.80E-05,0.000187546,0.001069236,0.000102704,0.00074817,0.000293457,0.000474273,0,0.000541505,0,0.000432575,0.001619986,0.000158867,0,0,0.000654585,0.002190673,0.000921879,0.000904017,0.005837936,0,0,0.002386331,0.000611693,0.001304768,2.55E-05,8.13E-05,0.000208803,0.002802365,0.001339737,0,0,0.000359682,0.004323862,0.058927724,0.001386529,0.000703076,0.004821908,0.012519387,0.085522334,0.00109672,0.001256844,0.000512448,0.001458729,0,0.001552565,0.0004005,0.000935778,0.000185533,0.021508114,0.087532631,0.103272619,0.000924017,0.00185382,0.02231534,0.001886399,0.088891739,0.040381722,0.000415594,0.000463832,0.001240367,0.002198849,8.99E-05,0.000361192,0.000161822,7.92E-05,0.001731809,0.017674311,0.001839041,0.000259557,0.0010515,0.003293493,0.000941753,0.000706849,0.00082798,0,0.004967692,0.009243127,0.005161339,0.020554474,0.050022267,0.000201571,2.64E-05,0,0,0.014683331,0.000124967,0.000214212,0.055303164,0.000159433,0.002813686,0.000565467,0.002351174,0.000115911,0,0,0.000207042,0,0.000490813,0.000568989,0.000281696,0.00279834,0.000729428,0.000913325,0.000455782,0.000159495,0.000108804,0.000334651,0.00054119,6.05E-05,0.001889983,0.000741817,0.000105722,7.58E-05,0,0.000567039,0.000246413,0.000607731,0.001200493,0.003229657,0.005974162,0.003764055,0.000222765,0.00021918,0.000248488,0.00022113,0.000483769,0.000804899,0.003226387,0.002242936,0.000189621,5.80E-05,7.06E-05,8.50E-05,0.000107798,6.07E-05,0,5.55E-05,0.000353267
D11C26C,CML312,1,2,10,2,6,center,58,CML312_7_11,58,0.000133944,0.002315236,3.42E-05,0.005751905,0,0.000483879,0.000281007,6.96E-05,0.010040006,0.000153834,8.75E-05,0.000461661,0.014848751,0.000893592,7.59E-05,0.00018494,0.001159258,0.044666497,0.002234986,0.091256608,0,0.000175999,0.001171584,0.000140768,0.001275956,0.000314598,0.000471077,0,0.000452668,0,0.001362712,0.001919964,0.000274764,0,0,0.000613538,0.002490071,0.000948873,0.001042983,0.004750714,0.005842471,0,0.003398423,0.000751925,0.00132346,4.59E-05,6.01E-05,2.73E-05,0.002267043,0.001106622,0,0,0.000354697,0.004334441,0.062376203,0.001588068,0,0.001552677,0.013327179,0.081311822,0.001248077,0.001350545,0.000490756,0.00164647,0,0.001744494,0.000444839,0.001198139,0.000155527,0.027045133,0.081954138,0.088817691,0.001232207,0.001967204,0.021711193,0.002145479,0.089660869,0.051407003,0.000309626,0.000631365,0.000946387,0.002449867,2.20E-05,0.000660408,0.000259106,6.10E-05,0.00242384,0.024545593,0.001511891,0.000276193,0.001358586,0.005612301,0.001751689,0.000931733,0.000957655,0,0.005285801,0.009822744,0.004795415,0.023495521,0.053791538,2.05E-05,0,0,0,0.013504025,6.86E-05,0.000227101,0.044948773,0.000127701,0.002750394,0.000567832,0.003077265,1.97E-05,2.24E-05,4.32E-05,0.000127596,0,0.000419923,0.000322851,0.000113894,0.003842627,0.000469332,0.000576984,0.000288783,0.0001377,0,0.00018203,0.000679187,9.82E-05,0.001615364,0.001324042,0.000125321,8.93E-05,1.24E-05,0.001128734,0.000236888,0.000754253,0.001273893,0.003835644,0.007586277,0.005961179,0.000100881,0.000158066,0.000359458,0.000488323,0.0004031,0.001451426,0.004261016,0.004718286,0.001548128,6.14E-05,9.10E-05,0.000101939,0.000223451,5.80E-05,0,7.00E-05,0.000997647
D11C26T,CML312,1,2,10,2,6,tip,58,CML312_7_11,58,0.000102118,0.002029733,0,0.007644123,0,0.00055283,0.000244193,5.87E-05,0.008286883,3.46E-05,0.000112581,0.000155988,0.013353062,0.000818504,6.03E-05,0.000391834,0.001249683,0.046342939,0.002080541,0.096005529,9.71E-05,0.000125324,0.000876102,0.000153038,0.000601357,0.000304518,0.000473973,0,0.000522,0,0.000632187,0.002031625,0.000171125,0,0.000250371,0.000652722,0.002364525,0.001196036,0.00113048,0.00673463,0.006181299,0.000107516,0.003037838,0.000931474,0.00218394,5.54E-05,0.00023618,0.000225161,0.002423514,0.001884819,0,0,0.000350207,0.003730016,0.059351526,0.001386249,0,0.005194119,0.012492765,0.06588153,0.001008105,0.001411848,0.000412424,0.001190081,0,0.001489925,0.000425113,0.000968259,0.000195054,0.024503654,0.079171597,0.083154042,0.000988405,0.002419452,0.0232577,0.00210052,0.090252903,0.053774032,0.000483323,0.000520219,0.001217573,0.00198243,0.000299065,0.000660624,0.000251205,9.17E-05,0.002145374,0.020383975,0.001776747,0.00033802,0.001834567,0.004517189,0.001580691,0.000610817,0.001044222,0.000254266,0.004814918,0.007610621,0.004888098,0.022468245,0.041168298,8.31E-05,0.000173685,5.59E-05,0,0.011682274,0.000223492,0.000230503,0.047516214,0.000125658,0.002965937,0.000494842,0.002974953,8.05E-05,0,0,0.000106682,0,0.000422107,0.000332288,0.000207798,0.003552213,0.000429731,0.000519941,0.000325888,0.000150089,8.88E-05,0.000137901,0.000490947,0.000171737,0.002252723,0.001792607,0.000101117,9.56E-05,1.83E-05,0.000607868,0.000265118,0.001049509,0.002395633,0.005661748,0.012176059,0.013949745,7.80E-05,0.00030079,0.000354937,0.000940545,0.001409288,0.003752498,0.009896011,0.011786618,0.00424467,6.74E-05,0.000138013,0.000322994,0.000634525,9.59E-05,8.99E-05,0,0.000818671
D11C28B,CML312,1,2,10,2,8,base,58,CML312_9_11,58,0.000192205,0.001262025,0,0.007516285,0,0.000173423,0.000359027,5.80E-05,0.011460902,0.00015566,0.00038429,0.001850342,0.018401771,0.001316993,5.59E-05,0,0.001055598,0.031688592,0.003392004,0.103521663,2.66E-05,0.000117255,0.001821779,0.000111735,0.000550572,0.000163461,0.000293378,0,0.000522969,0,0.000901738,0.001494916,0.000182364,0.000139278,0.000111495,0.000898738,0.002662549,0.00152552,0.000681989,0.003671881,0.00289946,0,0.002017524,0.000579196,0.001419306,4.68E-05,6.56E-05,6.86E-05,0.003468094,0.0019859,0,0,0.000418255,0.004468365,0.049250613,0.001845542,0.000789943,0.003524322,0.014035059,0.084894263,0.000900118,0.000965466,0.000524349,0.002271238,0,0.000835309,0.000376609,0.000575415,0.000129917,0.0186253,0.099265126,0.102938507,0.000869814,0.001591048,0.017388238,0.002170784,0.085833686,0.034278051,0.000422095,0.00053437,0.00144661,0.002537432,4.49E-05,0.000394912,0.000137958,8.35E-05,0.001740348,0.010953295,0.002056589,0.000208527,0.000495005,0.001882087,0.000461881,0.000471722,0.000315521,0,0.00450521,0.007591895,0.005923256,0.024462865,0.056461278,0.000322302,0.000192205,9.35E-05,0,0.023034498,0.000301479,0.000292418,0.057677937,1.14E-06,0.002560655,0.000792344,0.000544511,0.00015506,0,0,0.000159681,0,0.000138558,0.00030424,0.000180504,0.001914131,0.000540791,0.000449519,0.000293438,8.67E-05,8.85E-05,0.000110775,0.0004551,3.05E-05,0.001771792,0.000808186,8.23E-05,7.10E-05,2.32E-05,0.000546552,0.000205047,0.000392991,0.001166973,0.005428131,0.010618451,0.005540946,7.89E-05,0.000162921,5.77E-05,0.000552792,0.000844311,0.002234693,0.008483732,0.005738012,0.000554653,5.41E-05,8.05E-05,0.000141799,0.000173843,9.73E-05,0,7.47E-05,0.000124216
D11C28C,CML312,1,2,10,2,8,center,58,CML312_9_11,58,0.00045703,0.00213114,0,0.00675136,2.36E-05,0.00035624,0.00048199,0.000160163,0.012751523,0.000205431,0.000326679,0.001622639,0.01553452,0.001537906,4.46E-05,0.000107092,0.000984288,0.031059886,0.003054003,0.086289794,4.03E-05,0.000264004,0.002298956,6.52E-05,0.000626197,0.000185873,0.000365194,5.10E-05,0.000367995,4.48E-05,0.000695224,0.002059811,0.00032978,0.000142306,4.05E-05,0.001044461,0.003715714,0.001330074,0.000875995,0.005043037,0.002786048,0,0.002424405,0.000687221,0.001580223,4.16E-05,7.24E-05,0.000500747,0.01370805,0.006264968,0,0,0.000396606,0.005439443,0.062274183,0.002173656,0.001087228,0.005116616,0.01505158,0.089370307,0.00136994,0.00142186,0.000539713,0.002811758,0,0.001070572,0.000509201,0.000845283,0.000158212,0.026190768,0.059915254,0.086042246,0.001460425,0.001714976,0.021407333,0.002676204,0.07468007,0.046759421,0.000446826,0.000592633,0.001632043,0.003196509,8.83E-05,0.000245747,0.000156362,0,0.000796464,0.007504957,0.001644348,0.000143657,0.000345736,0.001407805,0.000386452,0.00027861,0.000149959,0,0.004745269,0.010950014,0.005592203,0.025401707,0.059209075,1.32E-05,3.89E-05,0,0,0.022833245,0.000263204,0.000258302,0.063650325,0.000338934,0.003337715,0.000742242,0.002037903,5.79E-05,0,0,0.000109043,0,0.000309422,9.95E-05,0.00012745,0.003973715,0.000540263,0.000375498,0.00025315,6.49E-05,0.000131202,0.000301369,0.000580679,4.04E-05,0.002281399,0.00111669,4.90E-05,9.50E-05,2.09E-05,0.000658709,0.000199429,0.000693023,0.001688865,0.005896273,0.012990067,0.006683983,0.000114695,0.000257702,0.000365344,0.000637851,0.00101515,0.002059461,0.00730958,0.0067272,0.000445025,6.00E-05,9.47E-05,0.000182172,0.000208382,0.00015221,0,0.000214034,0.000375198
D11C28T,CML312,1,2,10,2,8,tip,58,CML312_9_11,58,0.000147422,0.001902915,0,0.004787271,0,0.000197111,0.000376471,0,0.007265755,0.000102051,0.000387574,0.000637458,0.007266098,0.000418963,5.96E-05,0,0.000704623,0.023957398,0.001765842,0.118207909,0,7.19E-05,0.000863902,7.07E-05,0.000452957,0.000201292,0.000241317,0,0.000501824,0,0.000553637,0.001681679,0.00018265,0.000195329,0,0.000627177,0.002834394,0.002840973,0.000614018,0.003888964,0.002441817,0,0.001332212,0.000574678,0.001769817,4.37E-05,0.000169217,0.000615183,0.005592369,0.005122072,0,0,0.000116649,0.001692508,0.025079751,0.00069448,0,0.002159721,0.006290413,0.122574092,0.000512379,0.000818394,0.000308825,0.000909821,0,0.000925379,9.71E-05,8.26E-05,0.000201771,0.013737927,0.06358264,0.117534332,0.000595787,0.001898049,0.016515161,0.001053405,0.093805161,0.05796176,0.000464814,0.000358651,0.000733957,0.001417334,0.000351386,0.000333087,0.000101982,8.05E-05,0.000776861,0.007763193,0.00143392,0.000231516,0.000872263,0.001563796,0.000596953,0.000330963,0.00038353,0,0.003597067,0.005280939,0.004324582,0.016380281,0.025059601,0.00019108,0.000124736,0,0,0.012313123,0.000256669,0.000209996,0.03741926,0,0.001846098,0.000477356,0.001399172,0,0,3.27E-05,0.000126861,0,0.000445898,0.000400116,0.000223086,0.002736318,0.00069633,0.000603601,0.00016531,0.000116032,0,0.000265921,0.00061114,3.07E-05,0.001915114,0.000903448,0.000171136,0.000127683,0,0.000673371,0.000220687,0.000880008,0.002010311,0.007955095,0.022725249,0.019156556,0.000209996,0.000407107,0.000683994,0.001757138,0.003696925,0.00819977,0.023761246,0.033872224,0.004049271,0.000190737,0.000219865,0.000575569,0.001024551,0.000203211,0,0.00022994,0.000234737
D11P110B,PT,1,1,13,1,10,base,58,PT_11_14,58,0.000173438,0.002113503,0,0.006618528,0,0.000372645,0.000510151,0.000390948,0.008003593,0.000242035,0.000358386,0.001745369,0.014068831,0.001203798,2.14E-05,0.000199103,0.000635835,0.026160939,0.00507558,0.089446049,7.18E-05,0.000404221,0.002238202,0,0.000652893,0.000119151,0.000197703,0,0.000432065,0,0.001181606,0.00300278,0.000323647,0.000129676,0.000138284,0.002072697,0.00667857,0.002631431,0.00119182,0.005596775,0.003558143,0,0.003332804,0.001019679,0.001546214,3.56E-05,6.02E-05,0.000356623,0.001989582,0.000850026,0,0,0.000236176,0.003468495,0.050066098,0.002655697,0.001296609,0.00346585,0.021187606,0.09241663,0.000854589,0.001147385,0.000587822,0.002165975,0,0.003996119,0.000496618,0.000391518,0.000179349,0.02626189,0.085897031,0.088093338,0.00096114,0.001316312,0.0088657,0.001395486,0.062089609,0.025364214,0.000274337,0.000414747,0.000993132,0.002074667,0.000204444,0.000222488,0.000141239,0.000118425,0.001395072,0.015934388,0.002915776,2.54E-05,0.0004779,0.001977605,0.000443679,0.000531668,0.000383533,3.86E-05,0.00528215,0.007649354,0.009133401,0.019919877,0.050661956,0.000124129,5.76E-05,0.000134706,0,0.016917772,0.000351334,0.000247687,0.047554181,1.95E-05,0.002031632,0.001271047,0.006552108,3.99E-05,0,0,0.000114847,0,0.000311151,0.000120084,9.83E-05,0.002515754,0.000453531,0.000371763,0.000227154,6.37E-05,0.000136313,0.000231302,0.000387889,3.95E-05,0.001345037,0.000560289,0.00017323,0.000105618,2.06E-05,0.000369119,9.33E-05,0.000340342,0.002166597,0.010608476,0.01969039,0.009006731,0.000102818,8.46E-05,0.000172193,0.000754882,0.002315458,0.008634553,0.029539889,0.027625437,0.002057557,0,6.00E-05,9.64E-05,8.70E-05,0.000196511,1.83E-05,0.000131543,4.67E-05
D11P110C,PT,1,1,13,1,10,center,58,PT_11_14,58,0.000128502,0.004912228,0,0.006313264,0,0.000373023,0.000330473,0.000430466,0.008257618,0.000196014,0.000333499,0.000277758,0.012892372,0.002202492,0.000269248,0.000317188,0.00069475,0.042208354,0.006327495,0.081560031,4.20E-05,0.000529655,0.003143087,1.56E-05,0.001317448,0.000163771,0.000225752,3.40E-05,0.00031941,0,0.001624518,0.003902135,0.000318181,0,0.000339361,0.000921779,0.00504437,0.003908044,0.001342222,0.004428102,0.006396142,0,0.004951847,0.001422925,0.001570101,0,5.21E-05,0.000284235,0.002938515,0.003022433,0,2.62E-05,0.000154457,0.002374914,0.057266246,0.001020211,0.00162745,0.001081531,0.014876817,0.079587831,0.001728104,0.001287474,0.000644021,0.002430088,0,0.002250431,0.000348911,0.000359265,0.000142023,0.018517268,0.081495024,0.07741607,0.001296929,0.000799565,0.004882254,0.001747819,0.07331584,0.048540293,9.42E-05,0.000169492,0.000406118,0.002252228,0.00014363,0.001087251,0.000387301,0,0.001123419,0.011834811,0.003453703,0.000167411,0.00051689,0.002746897,0.001083706,0.000471834,0.000441765,0.00025984,0.00784403,0.011811881,0.011002955,0.026359833,0.05623431,0.000138903,0.00039983,0,0,0.019898258,0.000275725,0.000228116,0.058731248,0.000263433,0.003637142,0.00135475,0.01592341,6.61E-05,0,0,0,0,0.000341063,0.000226272,0.000155592,0.003828854,0.000313548,0.000304612,0.000181831,7.65E-05,0,0.000315864,0.000304281,6.77E-05,0.001111931,0.000985651,0,4.77E-05,0,0.000285323,0.000160887,0.000630594,0.000897525,0.00426244,0.007757842,0.016658629,3.87E-05,9.53E-05,0.000261258,0.00031246,0.000473631,0.002427724,0.008963572,0.01355171,0.001170839,0,4.10E-05,8.47E-05,0.000142449,5.13E-05,3.82E-05,0.00013148,0.000991088
D11P110T,PT,1,1,13,1,10,tip,58,PT_11_14,58,0,0.005306992,0,0.008090852,0,0.000557843,0.000659112,0.000490542,0.008855694,0.000182464,0.000553573,0.000857572,0.010670515,0.001707879,3.48E-05,0,0.000607235,0.042243204,0.006506293,0.109941438,0,0.000404313,0.002680805,0.000121919,0.000394817,0.000259961,0.000338861,0,0.000523682,0,0.001039844,0.005335799,0.000282203,0,0,0.001035957,0.006880525,0.021172332,0.001137991,0.008892659,0.005760889,0,0.004013433,0.002320913,0.003038849,7.60E-05,8.87E-05,0.000337204,0.002219962,0.004806381,0,0,0.000162579,0.001676523,0.046034086,0.001799652,0.001156728,0.00284963,0.011620052,0.100330397,0.000551852,0.001882567,0.00034039,0.001413248,0,0.001176867,0.000177046,0.000158373,0.000231346,0.005889627,0.060197537,0.106745427,0.001050998,0.000385895,0.002552577,0,0.030209279,0.038403121,0.00028692,0.000278571,0.000520942,0.001576337,5.33E-05,0.000266334,9.83E-05,7.27E-05,0.000909004,0.009627038,0.003447496,0,0.000543439,0.002216776,0.001308983,0.000961582,0.000614755,0,0.007539319,0.008616191,0.010339875,0.02046676,0.039772968,0,3.65E-05,0,0.005822517,0.019289383,0.000369898,0.000262447,0.051490592,1.87E-05,0.002933501,0.001058582,0.000334017,3.63E-06,0,0,0.000228032,0,0.00086095,0.001040482,0.00054892,0.004101765,0.001056606,0.001459007,0.001027481,0.000271688,0,0.000204642,0.000747444,7.34E-05,0.002082111,0.001322239,0.000113888,8.37E-05,0,0.000811685,0.00035371,0.000535282,0.001443712,0.004930084,0.012556205,0.016925642,0.000233003,0.000268947,0.000387679,0.000287812,0.000830805,0.002171462,0.012979446,0.040196145,0.010190234,6.21E-05,7.49E-05,8.05E-05,0.000206363,0.000108535,0,9.36E-05,0.000486654
D11P112B,PT,1,1,13,1,12,base,58,PT_13_14,58,0.000220242,0.000994377,0,0.00626384,0,0.000379205,0.000601925,0.000304917,0.009907887,3.05E-05,0.000386257,0.003721623,0.022821444,0.001387687,0.000269132,0.00056652,0.001064662,0.029046782,0.007887398,0.082201055,0.000211617,0.00064057,0.003191698,0.000243734,0.000775707,3.77E-05,0.000307729,2.38E-05,0.000386305,0.000106642,0.003963117,0.002151767,0.000485371,0.000282665,0.000448537,0.002660725,0.009284948,0.001912274,0.001343276,0.007095918,0.006712615,0,0.004173686,0.001503954,0.002966167,5.47E-05,0.00016735,0.000429143,0.002121985,0.00043753,0,0,0.000390212,0.00580258,0.050074983,0.001382636,0.001353473,0.004698083,0.038802568,0.087172224,0.000655246,0.001471838,0.000961879,0.003139616,0,0.004855235,0.00055861,0.000555036,0.000246593,0.02954702,0.07389657,0.066914203,0.0009361,0.001737825,0.017304101,0.001398122,0.047304089,0.013423182,0.000367006,0.001060754,0.001981368,0.002177594,0.000422758,0.000424855,0.00042819,0.000103831,0.001643952,0.018589243,0.004843846,0.000157105,0.000563471,0.001726484,0.000241637,0.000431812,0.000240589,7.09E-05,0.006781137,0.005404363,0.010495088,0.033610585,0.053859314,1.99E-05,0.000347565,0.000180835,0.004356093,0.023908883,0.000390403,0.000398265,0.052627208,3.61E-05,0.002696606,0.002324454,0.00853583,1.43E-05,0,0,7.91E-05,0,0.000284761,0.000123511,9.29E-05,0.001975602,0.000348851,0.000279615,0.000197036,7.92E-05,0.000163538,6.39E-05,0.000579672,3.98E-05,0.001133755,0.000473077,0.000160393,9.65E-05,1.83E-05,0.000645621,0.000136377,0.000484656,0.001647336,0.012571567,0.007961019,0.003441674,6.15E-05,0.000113552,0.000305203,0.001156628,0.003140616,0.010895307,0.021539161,0.0099492,0.000642047,0,0.000106881,0.000174593,0.000233727,0.000195892,0,7.11E-05,0.000115744
D11P112C,PT,1,1,13,1,12,center,58,PT_13_14,58,0.000342269,0.001884238,4.43E-05,0.005904954,0,0.000320686,0.000467714,0.000394583,0.008659193,0.000210201,0.000597754,0.001834492,0.016747847,0.001616586,0.000307213,0.000129275,0.001003962,0.036074834,0.006665417,0.077730602,8.27E-05,0.000580091,0.002706792,5.01E-05,0.000736807,0.000125309,0.000200964,0,0.000347,6.48E-05,0.00112017,0.003154049,0.000276618,0.000115532,7.24E-05,0.001744284,0.004802087,0.001993236,0.000957687,0.005141202,0.004238622,0,0.002850395,0.001084934,0.001481815,3.13E-05,7.66E-05,0.000259631,0.001917446,0.001343393,2.36E-05,0,0.000124724,0.004272597,0.042829018,0.000949711,0.00157725,0.003482755,0.023621122,0.078235445,0.0010132,0.00116942,0.000754785,0.002234888,0,0.00454962,0.000476095,0.000474833,0.000176902,0.028259103,0.073269568,0.077626786,0.001138419,0.00140233,0.010488504,0.001278102,0.053306842,0.032575768,0.000255846,0.00027788,0.000876806,0.00221772,4.01E-05,0.000252016,0.000167665,4.39E-05,0.002073441,0.012693833,0.003153103,0.000167575,0.000399089,0.002283687,0.000508267,0.000619698,0.000295498,3.80E-05,0.006391773,0.00790995,0.011442,0.024853219,0.054527314,0.000144955,0.000301761,0.000172306,0,0.022095555,0.000277609,6.73E-05,0.05753866,0.000100166,0.003535024,0.002332891,0.009241898,2.08E-05,0,0,9.91E-05,0,0.000255305,8.98E-05,9.20E-05,0.002344922,0.000455773,0.000318748,0.000193754,6.69E-05,0.00010643,0.00013315,0.000387373,0,0.000973502,0.000544134,0.000176406,7.75E-05,1.28E-05,0.000383138,0.000105168,0.000238588,0.00209178,0.009598451,0.020754821,0.011478543,6.44E-05,6.41E-05,0.000206461,0.000643715,0.002280623,0.008243523,0.028318897,0.034555711,0.002985348,0,4.67E-05,8.17E-05,0.00011837,0.000164691,0,9.97E-05,2.74E-05
D11P112T,PT,1,1,13,1,12,tip,58,PT_13_14,58,0.000111787,0.002069181,0.000397212,0.007339806,0,0.000419265,0.000488772,0.000409652,0.0086374,0.000249889,0.000421048,0.001195942,0.013313599,0.001654962,0.000257065,0.000394515,0.000788465,0.044735001,0.006434727,0.075035625,0,0.000509477,0.003082393,2.04E-05,0.000995291,0.000132752,0.000129794,0,0.000212133,0,0.002184665,0.003700307,0.00048029,0,0.00020848,0.001433651,0.006135687,0.008177987,0.001289242,0.006711018,0.006555169,0,0.00423262,0.001242875,0.002210415,4.34E-05,7.53E-05,0.000466807,0.002489446,0.001777405,0,0,0.000233055,0.002561738,0.046352556,0.001701982,0.001359098,0.001493676,0.018197625,0.080163146,0.001137482,0.001501549,0.000631137,0.002189798,0,0.001891367,5.67E-05,0.000285686,0.000124966,0.019720662,0.067411568,0.074058211,0.001029262,0.000663803,0.005700111,0.002264873,0.048825604,0.023974899,0.00012527,0.000258892,0.000370374,0.002065049,0.000211655,0.000730831,0.000324833,4.92E-05,0.001010341,0.007994518,0.00333176,0.00011083,0.000385772,0.001126912,0.000339448,0.000106567,8.03E-05,0.000143583,0.007185132,0.009938908,0.01242457,0.027301831,0.045475185,4.35E-06,0.000337273,0,0,0.025225516,0.000363371,0.000329052,0.047872548,3.71E-05,0.00373567,0.001529344,0.012988765,5.71E-05,0,0,0,0,9.71E-05,4.91E-05,7.89E-05,0.003068648,0.000113874,0.00012427,3.93E-05,3.51E-05,0,0,0,0.000373332,0.000961451,0.00127976,0.00013049,0,3.59E-05,2.18E-05,9.33E-05,0.000533139,0.00186814,0.008528049,0.016895595,0.010206064,0,4.87E-05,3.75E-05,0.000573286,0.002015463,0.011664204,0.035801433,0.047717439,0.020122397,1.44E-05,3.44E-05,8.53E-05,0.000393036,4.66E-05,0,0.00017316,0.000786203
D11P16B,PT,1,1,13,3,6,base,58,PT_7_14,58,2.93E-05,0.002613566,0,0.006464027,0,0.000626817,0.000203217,0.00015012,0.00434283,0,0.000162808,0.000609011,0.005847552,0.00077747,5.54E-05,0,0.000385643,0.02009609,0.002842265,0.183923832,0,0.000240321,0.001214397,5.59E-05,0.000748043,0.000258446,0.000401956,7.95E-05,0.000697079,0,0.000441832,0.002872545,0.000199379,0,0.000184239,0.000658163,0.003613872,0.005501252,0.000696226,0.00511337,0.002470803,0,0.001839828,0.000749856,0.001339995,1.89E-05,0.000103634,0.000202151,0.000716057,0.001294682,0,0,0.000213559,0.001093917,0.027785283,0.000673729,0,0.001715296,0.007824813,0.179659794,0.000396945,0.000514333,0.000526168,0.000923539,0,0.001027706,0.000137326,0.000144896,0.000212066,0.006633552,0.050399728,0.156846717,0.000417096,0.000608691,0.002093156,0.000535444,0.047848001,0.05952434,0.00021857,0.000230725,0.00033308,0.001255659,0.00019714,0.00055954,6.76E-05,0,0.005180967,0.009609092,0.00547545,0.000649953,0.000793143,0.002298399,0.001429342,0.000257166,0.002110962,0,0.003405004,0.005159536,0.004302421,0.013472347,0.021573838,0,3.47E-05,0,0.001493954,0.005390367,0,0,0.035132333,0,0.00178993,0.000443004,0.001815519,0.000101075,0,0,0.000233604,0,0.000749323,0.0009068,0.000215905,0.002449159,0.001046365,0.001388827,0.000801566,0.000203537,0.00013594,0.000285207,0.001005636,6.15E-05,0.00169056,0.000804765,9.09E-05,7.82E-05,3.69E-05,0.000902215,0.000305039,0.000602507,0.001100528,0.002518355,0.006805849,0.014450155,0.000278171,0.000267935,0.000342462,0.000256847,0.000230725,0.001242652,0.007915013,0.013733138,0.003065953,5.00E-05,6.32E-05,6.92E-05,9.03E-05,8.33E-05,0,0,6.25E-05
D11P16C,PT,1,1,13,1,6,center,58,PT_7_14,58,0,0.005509803,0,0.008488073,0,0.000707663,0.000762093,0.000446243,0.006316372,9.85E-05,0.000253655,0.000224357,0.010874176,0.001693407,0.000104625,0.000255278,0.000469822,0.045735402,0.005259749,0.121783827,0,0.000296507,0.002084584,0,0.001719457,0.000483659,0.000192447,0,0.000395484,6.51E-05,0.000746279,0.005721382,0.000440383,0,0.000248713,0.000509003,0.005216473,0.015120648,0.00131769,0.009512575,0.007185278,0,0.005515662,0.00143587,0.00154353,3.30E-05,8.22E-05,0.000218921,0.000798804,0.002263194,0,0,0.000139641,0.001718681,0.068325128,0.001369367,0,0.001952003,0.01451055,0.110672163,0.00036308,0.001701526,0.000783272,0.00132355,0,0.001251824,0,0.000141547,0.000292624,0.004869278,0.039635763,0.116338056,0.000734066,0.0004317,0.00114614,0,0.02799681,0.041406261,0.000212497,0.000277375,0.000602191,0.001580452,0,0.001054435,0.00016209,0,0.001049422,0.008795452,0.003125676,0,0.000655351,0.001773534,0.001647448,0.000337524,0.0012987,0,0.005476481,0.008891463,0.005829113,0.017572266,0.03677906,0,0.000436712,0.000117685,0,0.007036531,0.000234029,0,0.047430009,0.000232052,0.002901319,0.000621747,0.00820858,0,0,0,0.00014197,0,0.000397884,0.000323192,0.000191953,0.007223471,0.000776213,0.00060791,0.000214403,0.000160678,0,0.000736678,0.000641373,4.96E-05,0.000999581,0.001477239,0,0.000121638,3.61E-05,0.001371697,0.000226969,0.00072383,0.001184333,0.004207714,0.010078832,0.035530837,9.59E-05,0.000197742,0.000502085,0.000565551,0.000593508,0.002536898,0.012937228,0.033060865,0.006545247,0,4.08E-05,7.50E-05,0.000296719,0.000115073,0,0,0.001441235
D11P16T,PT,1,1,13,3,6,tip,58,PT_7_14,58,5.22E-05,0.006671339,9.47E-05,0.00950211,0,0.000653454,0.000778749,0.00013939,0.006668572,0.0001291,0.000286475,0.000809273,0.009009576,0.001342188,0.000139303,0,0.00047498,0.042847996,0.005066281,0.149165283,0,0.000334726,0.00201432,0.000205107,0.001137427,0.000545713,0.000658988,0,0.000815672,0,0.000654492,0.004520655,0.000302645,0,0,0.000347264,0.004618021,0.017032615,0.00104525,0.008381112,0.004792258,0,0.003376483,0.001370205,0.001973247,4.10E-05,0.000125382,0.00022119,0.000765606,0.00219902,1.74E-05,0,0.000203983,0.001396319,0.054782076,0.001180316,0,0.001348933,0.01365397,0.12294185,0.000549604,0.001951716,0.0003988,0.001320139,0,0.001701817,0.000147691,0.000147518,0.000435204,0.00568264,0.040600379,0.133737898,0.00071675,0.000314319,0.001788374,0,0.031215177,0.051545415,0.000361791,0.000322274,0.000424136,0.001542107,0.000270133,0,0.000107309,8.95E-05,0.001017666,0.01084646,0.002857749,0,0.000798724,0.002178095,0.002117393,0.000476882,0.000546145,7.17E-05,0.005912823,0.008242673,0.007677072,0.015453153,0.030026559,0,4.73E-05,0,0.003025847,0.006695205,0.000256038,0,0.000459156,0.000147345,0.002467596,0.000622498,0.005746887,0.000130224,3.26E-05,0,0.000244624,0,0.000778922,0.000843256,0.00044437,0.005072594,0.000428373,0.000955408,0.000770881,0.000212284,0,0.000526516,0.001033577,5.69E-05,0.00143402,0.001100505,0.000116821,0.00012028,4.00E-05,0.001296619,0.000282844,0.000679222,0.00130319,0.004588361,0.012623333,0.030857537,0.000149593,0.000238657,0.000142676,0.000189629,0.000752549,0.002800852,0.013162042,0.035242002,0.010281637,0,7.12E-05,7.75E-05,0.000236842,0.000114486,0,0,0.000671267
D11P18B,PT,1,1,13,1,8,base,58,PT_9_14,58,7.52E-05,0.001444513,0,0.006819821,0,0.000409972,0.000526849,0.000367439,0.0065354,0.000144831,0.000302554,0.001066471,0.012934344,0.001391075,4.39E-05,0.000363222,0.00021092,0.030469597,0.004798274,0.103929006,0.000106816,0.000369728,0.0023729,0.00011278,0.001301911,0.000167664,0.000367499,0,0.000537091,0.000117238,0.001683267,0.002894448,0.000250803,0.000101454,0.000290264,0.000641858,0.005921496,0.003242487,0.001121354,0.006379545,0.005274637,0,0.004665794,0.001104666,0.001506686,3.23E-05,0.000104888,2.89E-05,0.001530122,0.001415113,0,0,0.000215499,0.002435797,0.053710726,0.000905313,0.001067856,0.001497951,0.017390482,0.075757303,0.000158868,0.000878383,0.000590589,0.001935636,8.01E-05,0.001331672,8.45E-05,0.000338039,0.000150253,0.018941811,0.087455163,0.103724954,0.000918748,0.000921579,0.004073276,0.00168158,0.075465834,0.045620202,0.000221403,0.000280926,0.000573359,0.002127459,0.000368463,0.000562575,0.000318519,8.39E-05,0.001401859,0.013292083,0.002189994,0.000170496,0.000544863,0.002551167,0.000923266,0.00061035,0.000548176,0,0.006001804,0.009807408,0.01057271,0.022754705,0.049763062,0,0.000334123,0.000126817,0,0.010768388,0.000356113,0.000217849,0.052080295,8.38E-05,0.002214815,0.00081633,0.004520059,0.000126034,0,0,9.85E-05,0,0.000305627,0.000114768,0.000105912,0.002747388,0.000423708,0.000377922,0.000164411,8.77E-05,0.000106213,0.000139469,0.000738372,0,0.000753916,0.000800967,6.77E-05,8.24E-05,5.09E-05,0.000997429,0.000134107,0.000229597,0.001354747,0.004673987,0.010525718,0.012225251,6.99E-05,0.000101032,0.000222367,0.000271769,0.001062675,0.003829582,0.018545635,0.021051618,0.006452502,0,5.63E-05,9.96E-05,0.000147421,0.000152121,4.44E-05,0,0.000463953
D11P18C,PT,1,1,13,1,8,center,58,PT_9_14,58,7.19E-05,0.00549276,0,0.008218353,0,0.000508541,0.000622462,0.000536659,0.008004329,3.56E-05,0.000373079,0.001096911,0.011786768,0.00198016,5.47E-05,0.000131721,0.000536961,0.029177562,0.005815395,0.104089711,0,0.000419661,0.002586088,9.86E-05,0.001061311,0.000304714,0.000277018,0,0.000469863,0.000101732,0.001433605,0.006648623,0.000521997,0,0.000335608,0.001504866,0.007637164,0.011916317,0.001423227,0.004828423,0.004983375,0,0.004289954,0.001930199,0.001613899,0,8.44E-05,0.000361976,0.001714726,0.002633817,0,0,0.000205818,0.002240947,0.072347722,0.002050214,0.001115737,0.004031701,0.015574094,0.11304668,0.000518075,0.001581799,0.000312981,0.001703926,0,0.001616554,0.000186268,0.000208412,0.000260184,0.010441983,0.073047237,0.100659776,0.000866173,0.00045508,0.002566478,0,0.0398533,0.030415245,0.000251193,0.000124118,0.000487543,0.00168685,0.000392568,0.000221627,9.59E-05,9.42E-05,0.000669285,0.008465806,0.004672687,0,0.000417911,0.001893331,0.000931038,0.000598929,0.000428591,0,0.008294321,0.010191031,0.010672057,0.025185987,0.04143878,7.58E-05,0.000372717,0,0,0.013375988,0.000240634,0.00022223,0.067033506,5.68E-05,0.002737782,0.000850907,0.000412541,1.33E-05,0,0,0.00018301,0,0.000599714,0.000670009,0.000248055,0.005770322,0.000875043,0.000878361,0.000550597,0.000193991,0,0.000617997,0.000785861,5.74E-05,0.001704107,0.001422804,0.000156702,0.00011549,3.28E-05,0.000896946,0.000299284,0.00055283,0.00168691,0.005904758,0.012862077,0.014280598,0.000183975,0.00019381,0.000466303,0.000551563,0.000904126,0.00273392,0.008979596,0.015610298,0.00259526,1.26E-05,7.01E-05,8.09E-05,0.000170459,0.00012267,0,0,0.000351719
D11P18T,PT,1,1,13,1,8,tip,58,PT_9_14,58,7.89E-05,0.004148476,0,0.005525346,0,0.00046411,0.000547555,7.42E-05,0.00752181,0.00014351,0.000329154,0.000741942,0.007886128,0.001279106,3.86E-05,0.000131915,0.000361911,0.024547195,0.005455207,0.109299918,0,0.000320663,0.002433266,0,0.000640123,0.000172845,0.000362037,0,0.000533045,0,0.000536403,0.003460137,0.000168917,0,0.00020763,0.000704116,0.003888448,0.008164087,0.000722934,0.002889329,0.003663711,0,0.002710401,0.000940701,0.002137693,5.42E-05,0.000113984,0.000245709,0.000791996,0.001800683,0,0,0.00019236,0.001477358,0.042367111,0.001535396,0,0.003081246,0.013334746,0.115371108,0.000606416,0.00122468,0.000461512,0.001218851,0,0.000421215,0.000184694,8.52E-05,0.000185707,0.012377888,0.084137563,0.093420266,0.001006089,0.000630049,0.003203213,0.000685742,0.060969772,0.065639889,0.000235001,0.000269469,0.000549265,0.001421095,0.000197365,0.000462082,0.000118736,8.98E-05,0.000813475,0.00852207,0.002271825,0.000218971,0.00048787,0.00210557,0.001400313,0.000500605,0.000911936,0,0.006982176,0.007709101,0.013248893,0.0229575,0.034400832,0.000106824,0.000510172,0,0,0.013196748,0.000246279,0,0.048746292,0.0001916,0.002413118,0.000710516,0.00437334,0.000134006,0,0,0.00020085,0,0.000530764,0.000253502,0.000259965,0.004119077,0.000740992,0.000701138,0.000462843,0,0.000155675,0.000425017,0.00073795,6.74E-05,0.001012551,0.001453345,0.000122031,0.000102199,2.08E-05,0.000735289,0.00023196,0.000362608,0.001357545,0.006109522,0.015722963,0.028154516,0.000178358,0.000156245,0.000268392,0.000230693,0.000940828,0.001997098,0.01156701,0.026843097,0.006259812,0,6.28E-05,8.10E-05,0.000214409,0.000120827,0,0,0.00048014
D11P210B,PT,1,2,13,1,10,base,58,PT_11_14,58,0.000258118,0.001368222,0,0.004956781,0,0.000243157,0.00039407,0.000242374,0.007302719,0.000176703,0.000679196,0.00226522,0.020461262,0.001376093,5.49E-05,0,0.002343721,0.042579873,0.007046689,0.075025077,7.27E-05,0.001072701,0.003463175,0.000290562,0.001060828,0.000244766,0.000230023,0,0.000287257,0,0.001716409,0.001956696,0.000304697,0.000266338,0.000203929,0.001940909,0.004733281,0.002958638,0.000828848,0.00386503,0.004488558,0,0.003136167,0.002241257,0.001913858,4.22E-05,9.62E-05,0.000713728,0.020041532,0.006281076,0,0,0.000626572,0.005418479,0.035886677,0.001656,0.001237662,0.003132775,0.04217332,0.056981775,0.000713989,0.000847201,0.001367178,0.002262263,0,0.001943692,0.000520368,0.000802536,0.000130168,0.02747903,0.046922258,0.070335069,0.001092316,0.002442184,0.04820963,0.001846229,0.053881835,0.02297538,0.000229936,0.000272601,0.002899273,0.00361935,0.000110119,0.000266468,0.000342664,4.22E-05,0.001295244,0.012756513,0.002494156,8.39E-05,0.000308176,0.001615206,0.000225935,0.000363105,0.000144172,8.08E-05,0.0064239,0.007849747,0.018677703,0.023634527,0.056233471,2.18E-05,0.000313395,0.000250246,0.002678557,0.020115336,0.000344143,0.000357451,0.058247619,0.000153392,0.004130498,0.002049897,0.007787207,0.000260336,0,0,8.22E-05,0,0.000256074,0.000230327,0.00016022,0.002306362,0.000294259,0.000229501,0.000229371,0.000146782,0.000804058,0.000697289,0.000581646,2.29E-05,0.001385618,0.000595303,3.73E-05,0.000245723,2.93E-05,0.000691983,0.000127776,0.000695505,0.002336719,0.01317981,0.011170881,0.004629077,7.54E-05,0.000164047,0.000671629,0.002246997,0.005171321,0.014060325,0.02295607,0.012058224,0.000792533,5.38E-05,0.000201667,0.000409249,0.000403334,0.00032218,0,4.94E-05,0.000408727
D11P210C,PT,1,2,13,1,10,center,58,PT_11_14,58,8.22E-05,0.002214309,0,0.005029332,0,0.000189769,0.000319701,0.000184412,0.005026951,2.14E-05,0.000499001,0.000821888,0.01177012,0.001505827,2.83E-05,7.82E-05,0.001232097,0.040646157,0.005025655,0.060399736,7.86E-05,0.000655543,0.002919115,6.77E-05,0.000777913,0.00019334,0.000307167,0,0.000124855,0,0.001021391,0.002460484,0.00026123,0.000177374,0.000118623,0.001208254,0.004424942,0.004394656,0.000629634,0.002631276,0.002695244,0,0.002105385,0.00177532,0.00280725,5.71E-05,0.000294562,0.004427358,0.056335215,0.060404323,0,0,7.99E-05,0.002040086,0.021129719,0.000759461,0,0.003018376,0.015531851,0.120533235,0.000708832,0.000903398,0.000503728,0.001052237,0,0.001135147,0.00029015,0.00060446,0.000155526,0.020777946,0.036158122,0.053747845,0.001251985,0.001533732,0.019110536,0.001514055,0.062410061,0.040759528,0.000412555,0.000379923,0.000865689,0.002135145,4.48E-05,0.000123945,8.62E-05,4.73E-05,0.001128285,0.008006008,0.001603792,9.12E-05,0.000255418,0.001579424,0.000428065,0.000242673,8.69E-05,0,0.007485544,0.00812211,0.01826785,0.019302475,0.036068454,3.08E-05,0.000460382,0.000219145,0.001473615,0.016486438,0.000199292,0.000226637,0.042395287,0.000378663,0.005105134,0.001369452,0.00046756,0.000261405,0,0,0.000125976,0,0.000419417,0.000521269,0.000320822,0.003731025,0.000578445,0.000708552,0.000497601,0.000131228,0.000495395,0.000570217,0.000461398,3.81E-05,0.002121841,0.000955147,0.000178565,0.000201393,0,0.000392002,0.000209761,0.000566506,0.002237978,0.010010311,0.024350574,0.010818964,0.000117433,0.000188403,0.000283358,0.000896641,0.002460484,0.008301515,0.021450926,0.03237941,0.002301351,0,8.33E-05,0.000150345,0.000254367,0.000224256,0,3.45E-05,0.000254963
D11P210T,PT,1,2,13,1,10,tip,58,PT_11_14,58,0.00048298,0.001403544,0,0.005053941,0,0.000209443,0.000145723,7.28E-05,0.00474896,0,0.000503095,0.000250881,0.010510608,0.001491419,2.74E-05,0.00021215,0.001323915,0.042551024,0.005373623,0.071844074,8.86E-05,0.000871254,0.005050692,0.000165213,0.001106684,0.000237679,0.000280617,0,0.000274787,0,0.001215924,0.002017878,0.000204778,0.00016209,0.000337923,0.001273439,0.003724862,0.002990459,0.000572521,0.00292295,0.00159816,0,0.003000621,0.00114754,0.001758168,3.03E-05,0.000109781,0.000601757,0.014419549,0.007991217,2.16E-05,0,0.000291903,0.002798592,0.02786456,0.001431947,0.001346404,0.002510312,0.022740152,0.100526497,0.001635684,0.000806535,0.000796706,0.002398073,0,0.001333244,0.000369367,0.000889037,0.000168129,0.031374148,0.045475598,0.052787054,0.001850915,0.002296288,0.027658782,0.003152841,0.075120023,0.066802627,0.000230849,0.001012271,0.001177276,0.004126463,9.32E-05,0.000760557,0.000236013,2.88E-05,0.002460419,0.021257562,0.00115866,0.00013452,0.000649484,0.005662028,0.001478134,0.000138559,0.000283324,0.000144348,0.009081451,0.010962561,0.022641782,0.027260137,0.058036943,0.00015805,0.000705374,0.000368534,0,0.016116746,0.000238096,0.000195991,0.041836612,0.000267124,0.004673329,0.001369643,0.000357497,0.000361037,0,0,4.37E-05,0,0.000292736,0.00014185,0.000198281,0.004374346,0.000419843,0.000437793,0.000272371,0.000115612,0.000373615,0.000483438,0.000510966,4.77E-05,0.001513575,0.001067911,0.000128481,0.00013706,1.24E-05,0.000797747,0.000164714,0.000557361,0.001670209,0.007156404,0.015237412,0.01090692,7.53E-05,0.000153261,0.000223269,0.00077555,0.00141583,0.00509134,0.013550336,0.017663055,0.001933585,5.84E-05,0.000100328,0.000172627,0.000343337,0.000163797,0,0,0.000746063
D11P212B,PT,1,2,13,1,12,base,58,PT_13_14,58,0.000399516,0.000916379,0,0.004704624,0,0.000136677,0.000439956,0.000220868,0.005887527,0.000187423,0.000574025,0.002438739,0.015884627,0.001137206,3.09E-05,0,0.002315266,0.039769888,0.00727143,0.071403707,6.16E-05,0.000869565,0.003094555,4.76E-05,0.000597453,0.00015758,0.000163995,0,0.000286185,0,0.001713136,0.001607627,0.000187754,0.000363216,0.000170535,0.002584066,0.003590018,0.003256108,0.000752922,0.003331525,0.003343901,0,0.002372677,0.002393787,0.0021016,4.42E-05,0.000271573,0.000855988,0.028067808,0.005431759,0,0,0.000593728,0.005388546,0.041463073,0.001828495,0.001400377,0.006074082,0.04993744,0.069872158,0.000572121,0.000898995,0.001786441,0.003068064,3.70E-05,0.001846004,0.000635037,0.000804331,0.000176454,0.031213192,0.054420865,0.069672648,0.000926396,0.003407769,0.068408327,0.00140642,0.051577891,0.014449646,0.0003229,0.002840532,0.003692795,0.003396966,7.77E-05,0.000169956,0.000249594,3.05E-05,0.002293949,0.022454751,0.002092742,4.86E-05,0.000495174,0.002750049,0.0002688,0.000564464,0.000272525,3.63E-05,0.006678986,0.005085307,0.01692452,0.03306851,0.049232202,0.000103604,0.000478906,0.000283619,0.00305933,0.014260981,0.000271201,0.000371701,0.053269627,5.54E-05,0.003902156,0.001810241,0.003905095,0.0002248,0,0,8.63E-05,0,0.000205098,0.000179228,0.000158697,0.002096964,0.000396991,0.000261929,0.000207167,0.000158532,0.00080756,0.000522368,0.000391776,0,0.001123381,0.000372073,0.00022331,0.000321203,1.15E-05,0.000286599,0.000116146,0.00036127,0.001980446,0.008754757,0.009028897,0.001939468,6.41E-05,0.000134317,0.000493187,0.001388994,0.003159996,0.008771438,0.012263481,0.004305149,0.000256838,2.75E-05,0.000132248,0.000236225,0.000187754,0.000161222,0,0,7.85E-05
D11P212C,PT,1,2,13,1,12,center,58,PT_13_14,58,0.000611875,0.001840373,0,0.004268995,0,0.00017177,0.000365261,0.0001777,0.007881614,3.42E-05,0.001448732,0.001308485,0.013337451,0.001600567,0.000215666,0,0.002713745,0.043150229,0.005233273,0.052187163,7.41E-05,0.000686839,0.00297975,9.27E-05,0.000821429,0.000240079,0.000277652,0,6.37E-05,0.0001093,0.001120923,0.002380521,0.000189407,0.000151683,0.000140217,0.001490178,0.003636972,0.001535495,0.00078431,0.00243573,0.00341205,0,0.002453367,0.002043122,0.003121057,0.000246674,0.000279346,0.004405431,0.04902336,0.050054647,0,0,0.000306573,0.003788413,0.028556145,0.001276055,0.000918568,0.003970167,0.020964253,0.107060572,0.000642762,0.001066409,0.000633474,0.00133798,0,0.002358074,0.000425039,0.000735363,0.000185626,0.028928395,0.016263353,0.048927522,0.001284102,0.002217161,0.043168562,0.001706448,0.055105744,0.040561394,0.00032905,0.000423587,0.001508329,0.002774975,1.45E-05,0.000174947,0.000171921,1.98E-05,0.000798619,0.006861158,0.00180398,6.59E-05,0.00022819,0.001637111,0.000343359,0.000297225,5.25E-05,0,0.00704164,0.008006857,0.015884871,0.018737291,0.034993928,0.000189226,0.000413574,0.000243195,0.001424289,0.023442972,0.000244465,0.000282734,0.046715656,0.000172708,0.006899729,0.001511929,0.006887386,0.000272085,0,0,8.78E-05,0,0.000238052,0.000265521,9.44E-05,0.003364645,9.67E-05,0.000354976,0.000255356,0.000141881,0.00060295,0.000741746,0.000374065,1.99E-05,0.001931432,0.000771393,0.000174584,0.000216906,0,0.000447486,0.000136829,0.000511287,0.002910292,0.012846917,0.023962306,0.008357265,8.62E-05,0.000151501,0.000416054,0.001299197,0.003631981,0.012334389,0.021994451,0.02415731,0.00145808,3.27E-05,0.000106638,0.000192826,0.000325783,0.000263524,0,0.00017174,0.000418202
D11P212T,PT,1,2,13,1,12,tip,58,PT_13_14,58,0.001021143,0.001903843,0,0.004994489,0,0.000218228,0.000101262,0.000141612,0.004964878,0.000119888,0.000845131,0.000301146,0.010469728,0.001284439,6.48E-06,0.000503494,0.00162502,0.04475073,0.005237328,0.060739884,6.45E-05,0.000638487,0.002914564,0.000121508,0.001045825,9.58E-05,0.000289633,0,9.20E-05,0,0.000761192,0.001690756,0.000308188,0.000169709,0.000288928,0.001232505,0.003860324,0.002034857,0.000615355,0.003372357,0.003728218,0.000141471,0.002689998,0.001257997,0.003396088,5.53E-05,0.000393359,0.003746457,0.05142256,0.041618114,0,0,0.000204954,0.002912522,0.02223076,0.000848899,0.000730454,0.002028343,0.021249509,0.102529327,0.000763093,0.000881362,0.000573174,0.001184163,0,0.001444818,0.000322272,0.000605743,0.000151576,0.028012391,0.057743423,0.045677477,0.001066422,0.002288189,0.025421155,0.001911695,0.067000398,0.039632867,0.000337377,0.000825942,0.000661057,0.002537753,0.000207841,0.000550886,0.00025481,2.32E-05,0.000419767,0.003142404,0.000915374,5.08E-05,0.000134394,0.000688872,0.000185941,9.33E-05,2.10E-05,3.76E-05,0.007925038,0.007706775,0.019370489,0.021581675,0.037245318,0.000226854,0.000468637,0.000172667,0,0.016783091,0.000255198,0.000246079,0.043244542,0.000177491,0.005882224,0.001650441,0.010922028,0.0002152,0,0,0.000150239,0,0.000491594,0.000562822,0.000569019,0.004057849,0.000660176,0.001128426,0.000389064,0.000267275,0.000371142,0.00046325,0.000651268,0.000182878,0.002571343,0.001480274,0.000110628,0.000140169,1.84E-05,0.000213968,0.000327624,0.001057198,0.002843054,0.011706423,0.022446875,0.012068657,0.000168231,0.000267169,0.000321391,0.001288946,0.00177885,0.00842378,0.018892944,0.01856444,0.002893755,7.96E-05,0.000131261,0.000196011,0.00040188,0.000206433,0,0.000518106,0.001085717
D11P26B,PT,1,2,13,1,6,base,58,PT_7_14,58,0,0.000684425,0,0.004631767,0,0.00026645,0.000283201,7.15E-05,0.002139006,0,0.000292542,0.000810621,0.011935169,0.000595099,3.77E-05,0.000504741,0.004064826,0.055870193,0.004102775,0.077472095,0.000280416,0.000362287,0.001218446,0.000109984,0.001010379,0.000352137,0.001241844,0,0.000417975,6.20E-05,0.001290841,0.001736884,0.000150627,0.000379622,0.000375266,0.000777612,0.004473729,0.002160518,0.000568243,0.003544861,0.002993908,0,0.00183362,0.000514037,0.001730597,5.54E-05,0.000437017,0.00027853,0.002854059,0.002607729,0,0,0.000193471,0.002604496,0.021860807,0.000704769,0,0.00246541,0.02436219,0.0602956,0.001086412,0.00071676,0.000280237,0.000539231,0,0.000733691,9.48E-05,0.000879782,0.000226794,0.019494377,0.068677015,0.05464254,0.000828046,0.006086528,0.090707132,0.001597664,0.082744005,0.063704339,0.001142234,0.000792432,0.00069435,0.00179859,0.000118607,0.00057718,0.000140029,0,0.006271062,0.042989539,0.003448799,0.001122025,0.007000621,0.010110711,0.003428545,0.00033606,0.001415331,0.000103517,0.005582775,0.00477934,0.014864946,0.020062037,0.028933283,7.45E-05,0.000638482,0.000173262,0.001703651,0.003408695,0.000146226,0.000164415,0.015485329,4.85E-05,0.00400833,0.000704993,0.00581451,2.18E-05,0,0,0.000117798,5.48E-05,0.00046046,0.00029582,0.000177304,0.004225827,0.000370236,0.000563258,0.000535728,0.000184444,0.000210717,0.000301973,0.000635024,7.22E-05,0.001392427,0.000850905,0.000125208,0.00010455,3.06E-05,0.000737822,0.00023865,0.000726505,0.001225317,0.005879943,0.013642952,0.009527692,0.000126511,0.00025877,0.000258276,0.001371678,0.002622684,0.00513498,0.020822583,0.031536027,0.002446324,8.46E-05,0.000155388,0.000290162,0.000479097,0.000153187,0,0,0.000360176
D11P26C,PT,1,2,13,1,6,center,58,PT_7_14,58,6.30E-05,0.001506408,0,0.00439737,0,0.000223301,0.000284863,5.41E-05,0.00193273,0,0.000112094,0.000175895,0.011252534,0.000644849,0.000117122,0.000363409,0.00502367,0.052356354,0.004544111,0.072887075,0.000189458,0.00031165,0.001194969,8.19E-05,0.001297641,0.000285623,0.000994061,0,0.000335945,0,0.001008554,0.002010685,0.000135755,0.000320608,0.000843095,0.000675017,0.004236136,0.002825598,0.000599555,0.003278792,0.003049491,0,0.002163468,0.000528065,0.001488578,4.18E-05,0.000429998,0.000282919,0.003468546,0.003757845,0,0,0.000121348,0.002484202,0.022508196,0.000578936,0,0.002649914,0.025624613,0.082898839,0.001327809,0.000812589,0.000251737,0.000519741,0,0.000517502,0.000188232,0.000789097,0.000228076,0.016566687,0.067318608,0.061882137,0.001070368,0.005282844,0.075755559,0.000727409,0.076124967,0.071189223,0.000783182,0.000770633,0.000677214,0.001772638,0.000119446,0.000714015,0.000128742,8.45E-05,0.004468522,0.040598783,0.001609799,0.001038764,0.008511694,0.011452302,0.005029247,0.000168205,0.001242967,0.000160938,0.006125347,0.00481803,0.016370469,0.021026378,0.030439475,4.72E-05,0.000718621,5.59E-05,0,0.003898163,0.000179824,0,0.016756651,0,0.004433875,0.000756141,0.00637869,0.000125488,2.40E-05,0,7.19E-05,0,0.000224738,0.000111334,0.000166895,0.006612808,0.000758338,0.00031465,0.000213499,0.000106982,0,0.000240836,0.000632723,8.61E-05,0.000833715,0.000705481,0.00012215,9.62E-05,2.65E-05,0.00096026,0.000182064,0.000587978,0.001312091,0.003820039,0.009982061,0.010481394,9.18E-05,0.00013546,0.000265469,0.000846137,0.001824523,0.003911768,0.016211221,0.032932634,0.00248509,0,0.000104151,0.000232343,0.000426787,0.000134192,0,0.000141671,0.000926838
D11P26T,PT,1,2,13,1,6,tip,58,PT_7_14,58,8.89E-05,0.00113689,0,0.005509903,0,0.00036797,0.000368781,5.68E-05,0.002605115,0,0.000161355,0.000274759,0.013476658,0.000768413,0.000127358,0.000635981,0.002190667,0.058154621,0.005091092,0.087532772,0.000254413,0.000342701,0.001454779,0.000113608,0.001266329,0.000397551,0.000808498,0,0.0004523,0,0.001136738,0.002452589,0.000173329,0.000265372,0.000693571,0.000655008,0.00403219,0.004097493,0.000725436,0.005143253,0.00383963,0,0.00247116,0.000685808,0.001659466,2.46E-05,0.000345035,0.000369035,0.003861194,0.004969061,0,0,0.000172517,0.002444572,0.026201495,0.000423683,0,0.002250541,0.024344954,0.091197398,0.001306972,0.000871518,0.000326921,0.000517654,0,0.000623549,0.000158868,0.000776785,0.000167646,0.015027286,0.075202036,0.075802752,0.001002073,0.003831714,0.038797198,0.000710873,0.081624861,0.078310547,0.000603913,0.000636184,0.000627659,0.001607812,0.000121422,0.000591583,0.000111629,9.10E-05,0.003632051,0.029799347,0.001308139,0.000828236,0.004933543,0.007012277,0.003374137,0.000230159,0.000894249,7.99E-05,0.006872538,0.005047252,0.016260684,0.021301137,0.031321306,6.33E-05,0.000646179,0.000120914,0,0.006081088,0.000194539,0.000172314,0.026531663,8.29E-05,0.005192776,0.000826257,0.007386589,3.90E-05,0,0,0.000109853,0,0.000389484,0.000201084,0.000251774,0.005224742,0.000366498,0.000678653,0.000280189,0.000165515,0,0.000106707,0.000486093,0.000135274,0.000989032,0.00071336,9.85E-05,8.53E-05,2.16E-05,0.00082438,0.000105337,0.000525671,0.001033532,0.002427422,0.007267856,0.010255199,8.79E-05,0.000155976,0.000209507,0.000496698,0.001051037,0.002130337,0.010136619,0.017660968,0.005429683,4.63E-05,6.71E-05,0.000186065,0.000314337,9.83E-05,0,0.000172467,0.001057278
D11P28B,PT,1,2,13,1,8,base,58,PT_9_14,58,0.000355578,0.001756526,0,0.00473191,0,0.000217465,0.000113145,6.89E-05,0.004101577,0,0.000287331,0.000254163,0.010138498,0.001199,4.39E-05,0.000230409,0.001798997,0.041006647,0.004362285,0.063434211,8.92E-05,0.000789074,0.003380786,3.52E-05,0.000778521,0.000211655,0.00032105,0,0.00024725,0,0.001743399,0.002503682,0.000354144,0.000274019,0.000709281,0.00140389,0.005600667,0.003385824,0.000609557,0.00371011,0.003013037,0,0.002130269,0.000646954,0.002496143,4.22E-05,0.000508105,0.001131525,0.030821744,0.025090244,0,0,0.000160065,0.002434846,0.030097938,0.001155574,0.001008856,0.002904635,0.023042673,0.05973675,0.001274823,0.000633753,0.000567123,0.001443382,0,0.000804151,8.80E-05,0.000522703,0.000121382,0.015926111,0.048455291,0.058500353,0.001012938,0.002643486,0.031156693,0.0018386,0.059118846,0.041305597,0.000372824,0.000530389,0.001042686,0.002344057,9.17E-05,0.000474092,0.000185732,5.13E-05,0.002295078,0.02237248,0.002084967,0.000321565,0.002053013,0.004373427,0.001458753,0.000270122,0.00040419,0.000116712,0.007218934,0.006740503,0.016721804,0.021719092,0.038489544,0,0.000594996,0.000168302,0,0.007716927,0.000207905,0.000167456,0.027868754,3.46E-05,0.003405203,0.000964106,0.001262725,0.000190181,0,0,0.00013006,0,0.000440483,0.000319395,0.000293177,0.003840501,0.000433901,0.000721305,0.000274718,0.000201948,0.000465009,0.000660669,0.000544766,0.000103327,0.002399509,0.001911848,0.000173707,0.00020728,0,0.000879495,0.000323072,0.001516998,0.003630426,0.016186819,0.035837307,0.023711616,0.000138959,0.00049564,0.000536787,0.002469264,0.004734667,0.014772854,0.032209895,0.046545245,0.013079684,0.00022265,0.000317888,0.000733035,0.00136289,0.000300826,9.61E-05,0.000123478,0.000256038
D11P28C,PT,1,2,13,1,8,center,58,PT_9_14,58,0.000123529,0.001941469,0,0.004499174,0,8.13E-05,0.000282487,6.29E-05,0.003050452,0,0.000266741,0.000241753,0.009769218,0.001031109,2.35E-05,0.000361902,0.003211079,0.021035808,0.004928167,0.073813531,0.000105173,0.000787045,0.003089946,0.000108211,0.000760602,0.000224852,0.000502846,0,0.000340294,8.57E-05,0.001350693,0.002056912,0.000176202,0.000451586,0.000583844,0.001148134,0.005315186,0.002459334,0.000575501,0.002928078,0.003024138,0,0.00244714,0.000670276,0.001628303,4.54E-05,0.000331351,0.000512902,0.007985851,0.004671995,0,0,0.000201147,0.002903818,0.025051176,0.000954561,0,0.00434304,0.035235781,0.092353891,0.001519621,0.000674812,0.000575928,0.001219676,0,0.000400283,8.08E-05,0.00063994,0.000168671,0.020615585,0.069530138,0.058165478,0.000934878,0.00431005,0.078498362,0.001673016,0.063020221,0.047705787,0.000637672,0.000629414,0.001041934,0.002442775,8.99E-05,0.000573618,0.000138548,4.45E-05,0.003406749,0.032692753,0.001930259,0.000450516,0.00304074,0.00787871,0.002151003,0.00030923,0.000687691,8.24E-05,0.007758774,0.00654342,0.020592137,0.023860767,0.039962417,0,0.000690002,5.06E-05,0,0.007976566,0.000337128,0.000188182,0.030841995,8.90E-06,0.004842206,0.001279194,0.00101763,0.000241839,0,0,8.85E-05,0,0.000199393,0.00013735,0.000151812,0.005899672,0.000528262,0.000372685,6.47E-05,0.000112105,0.000269309,0.000123957,0.000532071,7.36E-05,0.001529762,0.001195544,0.000121304,0.000167173,0,0.000892689,0.000172821,0.001051989,0.002314154,0.00833128,0.018874536,0.012843161,9.43E-05,0.000324505,0.000347012,0.001947203,0.003027946,0.006279931,0.019832434,0.023342859,0.00232836,0.000132001,0.000219546,0.000488213,0.000586454,0.000233623,3.34E-05,0,0.00044581
D11P28T,PT,1,2,13,1,8,tip,58,PT_9_14,58,0,0.001370547,0,0.005212694,0,0.000160477,0.000321938,0,0.003823157,0,0.000387663,0.000762044,0.012600878,0.000975455,4.34E-05,0.00036095,0.002914018,0.057404081,0.005568872,0.08486619,0.000186255,0.000588481,0.002283425,6.72E-05,0.00080204,0.00040134,0.000742513,0,0.000401241,0,0.001288538,0.002657216,0.000184583,0.000333892,0.000498305,0.000910418,0.0049309,0.003121378,0.000531168,0.003854938,0.003009359,0.000167364,0.00198274,0.000737938,0.001953223,3.45E-05,0.000290108,0.000393419,0.008547484,0.007280888,0,0,0.000222611,0.003027464,0.025199001,0.000980424,0,0.00627316,0.02808788,0.083845474,0.000289272,0.000731592,0.000471296,0.000803221,0,0.000498108,0.00010828,0.000664095,0.000190437,0.019783374,0.050994748,0.063715909,0.001210759,0.00382788,0.059116097,0.001561673,0.070739454,0.068451059,0.000800908,0.000635266,0.000848481,0.002309696,0.000211444,0.00062828,0.000123875,7.99E-05,0.003751774,0.025170025,0.002961787,0.000528117,0.002524977,0.00689839,0.002588981,0.000171054,0.000704583,0,0.007337069,0.005454393,0.022295117,0.026822464,0.038462793,8.64E-05,0.000811043,0.000154475,0,0.011089188,0.000248833,0.000182467,0.039587017,0.000133419,0.006345675,0.001235554,0.006274488,4.79E-05,0,0,0.000128352,0,0.000329711,0.000240715,0.000161854,0.00564975,0.000307425,0.000389828,0.000280859,7.45E-05,0.000124564,0.000230335,0.000655633,4.60E-05,0.001096182,0.000885919,9.55E-05,9.03E-05,1.92E-05,0.000734002,0.000158312,0.000520886,0.001142967,0.004735101,0.011407534,0.010212764,8.85E-05,0.000176662,0.000199735,0.000799531,0.001375368,0.002683289,0.008009281,0.010592064,0.001428402,5.83E-05,0.000114331,0.000237665,0.000426922,0.000110691,0,0,0.000728738
D12B110A,B73,2,1,8,3,10,along,49,B73_11_9,50,0.003080136,0.000835089,0,0.00487922,0,0.000273696,0.000379542,0.000109828,0.008839689,0.000137876,0.000545028,0.000969814,0.010708038,0.000881952,0.00015446,0.000179445,0.001039168,0.0218788,0.004665908,0.075482044,0.000100596,0.000269276,0.001417966,9.67E-05,0.000799996,0.000117923,0.000223813,6.01E-05,0.000218606,0,0.002077067,0.001325903,0.000486745,0.000191434,5.17E-05,0.002949217,0.004294898,0.001787532,0.000625627,0.002924583,0.004471017,0,0.003145683,0.000670128,0.0022629,0,0.000354032,0.003624289,0.072093908,0.023624282,0,0,7.04E-05,0.003365471,0.021526693,0.000826206,0.000756021,0.001719228,0.019381103,0.062779157,0.000410959,0.001462729,0.000734843,0.001309538,0.000105234,0.001244779,0.000286866,0.000532995,1.00E-04,0.010349368,0.06091794,0.060641706,0.000725567,0.000929909,0.019073453,0.001245216,0.058976648,0.011560367,0.000270064,0.000738125,0.001824506,0.001709908,0.000248973,0.000194453,0.000379805,4.55E-05,0.000211737,0.001073167,0.000609919,7.25E-05,0.000185308,0.000134376,3.22E-05,0,1.24E-05,0,0.006253167,0.005187352,0.011611737,0.026114102,0.035874948,0.000509673,0.000298855,0.000143652,0,0.025607579,0.000313733,0.000322965,0.046130809,0,0.003095276,0.003023078,0.000315964,1.38E-05,0,0,4.59E-05,0,0.000167849,0.000218869,0.000170825,0.002562543,0.000436075,0.000171481,0.000193096,9.68E-05,0.000119761,0.000147065,0.000627553,0,0.001243991,0.00045244,0.000156429,0.000160498,0,0.000483857,0.000192134,0.000508973,0.003215037,0.018553672,0.016613299,0.00369745,7.15E-05,0.000180932,0.00086865,0.005204329,0.01659886,0.049331712,0.063311058,0.030535806,0.001208461,6.77E-05,0.000270808,0.000596617,0.000699663,0.000497596,4.06E-05,0.001087738,0.000294567
D12B112A,B73,2,1,8,3,12,along,49,B73_13_9,50,0.006174605,0.000203574,0,0.00615914,0,0.000589102,0.00073839,0.000201522,0.010217574,0.000189687,0.000434712,0.003831557,0.022355372,0.0003991,0,0.000671426,0.002293548,0.015866779,0.006812838,0.090734358,0.00011236,0.000212359,0.00064302,0.000113938,0.000551649,4.32E-05,0.000465643,0,0.000368643,0,0.00291174,0.000914715,0.000151865,0.000199471,0.000293315,0.003110737,0.003936343,0.000489367,0.001099563,0.009633943,0.003981108,0,0.003530142,0.000739442,0.006608318,0.000131087,0.000488946,0.010427198,0.072204546,0.004526918,0,0,0.000568482,0.00373603,0.018123979,0.000840072,7.26E-05,0.003713306,0.020011378,0.085776936,0.000183637,0.001355372,0.000193422,0.000434133,0.00015176,0.003635558,0.000545179,0.001147642,0.00024997,0.035129352,0.062924412,0.064289673,0.000335976,0.002660402,0.028549177,0.002412063,0.064659999,0.007139083,0.000524874,0.001658471,0.00246172,0.000879471,0.00011094,0.000105785,0.000590943,0.000113254,0.00060078,0.004606296,0.001804549,0,0.000274483,0,5.90E-05,0.00015823,7.05E-05,0.000103049,0.006378074,0.001804286,0.00780204,0.028886574,0.013159929,0.000408674,0.000328138,0,0,0.028389001,0.000480003,0.000595572,0.037980967,0,0.002133529,0.00176636,0.004781359,0,0,0,7.32E-05,0,0.000241711,0.000173801,0.000149603,0.001471098,0.000270222,0.000305782,0.000117305,0.000124722,0.000102313,9.02E-05,0.000321195,0.000106469,0.000954746,0.0003597,0.000215252,9.45E-05,0,0.000306623,0.000161018,0.000571585,0.002422846,0.011643487,0.00647802,0.001204927,5.52E-05,0.000132244,0.000610512,0.00410946,0.011509086,0.04209637,0.042809721,0.014122829,0.00064039,0,0.000170171,0.000375376,0.000434712,0.000168593,0,0.001083834,0.000101892
D12B13A,B73,2,1,8,3,3,along,49,B73_4_10,50,0.000467178,0.002699581,6.94E-05,0.005555392,0,0.000361827,0.000421894,5.79E-05,0.012917298,0.00013523,0.000713043,0.000504382,0.01346208,0.001167479,0.000112544,0,0.001279223,0.037332867,0.003511227,0.076585234,0.000149836,0.000274322,0.001655479,0,0.000862346,0.000376477,0.000796995,5.17E-05,0.000278673,6.16E-05,0.000863101,0.002318709,0.000325466,4.59E-05,0,0.001722206,0.005852534,0.00260302,0.000894622,0.005581941,0.003430294,0,0.002161192,0.000785008,0.002022233,0,0.00034651,0.001369658,0.053702167,0.033420345,0,0,0.000221402,0.003742397,0.038079428,0.000809071,0,0.003688145,0.010459541,0.058099981,0.000635217,0.001299024,0.000337986,0.000817639,0,0.001122595,7.68E-05,0.000358364,0.000193877,0.006130807,0.07564009,0.075854389,0.00065888,0.000595837,0.013982355,0.000428687,0.062621081,0.025148146,0.000396455,0.000143621,0.00062394,0.001426041,0.000259894,0.000183311,0.000141268,6.54E-05,0.000272058,0.003236994,0.001494588,0,0.000205509,0.000458743,0,0,4.18E-05,0,0.007351473,0.007783223,0.01083442,0.01729611,0.034078558,0.000145397,5.13E-05,0,0,0.030896349,0.000264688,0.000235476,0.055918189,1.42E-05,0.004546584,0.001471546,0.008092928,0.00019219,0,0,0.000145041,0,0.000388553,0.000398054,0.000239871,0.004365848,0.000287241,0.000299806,0.000482894,0.000131767,0,0.000415146,0.00043801,0,0.002035818,0.001054891,0.000109835,0.000144731,0,0.000226597,0.00027157,0.000834199,0.002354226,0.014415393,0.028707143,0.012009979,0.000140824,0.000275876,0.000479121,0.001254451,0.002874368,0.008656801,0.029723676,0.034812822,0.00199715,7.25E-05,0.000105396,0.000187972,0.000279783,0.000189926,0,0.000258162,0.000504382
D12B14A,B73,2,1,8,3,4,along,49,B73_5_9,50,0,0.001620088,0,0.00604264,0,0.000396065,0.000427578,6.08E-05,0.009522953,0,0.000405807,0.000319376,0.009815719,0.000500214,0,0.000149718,0.000520154,0.03088072,0.002242364,0.112780938,0,0.000186787,0.001010888,0,0.000751138,0.000232683,0.000530549,7.25E-05,0.000629075,0,0.001105818,0.001464029,0.000148737,0.000150437,0,0.000959369,0.00347469,0.002060741,0.000637052,0.002151618,0.003442066,0,0.001672587,0.000532315,0.001348766,4.67E-05,0.000120428,5.77E-05,0.005883835,0.003196437,0,0,0.000123958,0.00314518,0.047093106,0.000839203,0,0.003960912,0.012196098,0.118394628,0.000479881,0.000628683,0.00046164,0.000944398,0,0.000733747,0.000167108,0.000375994,0.000137557,0.004559783,0.115357845,0.109978996,0.000474193,0.000713676,0.014279395,0.000469028,0.077186076,0.03408618,0.000355399,0.00028309,0.00016057,0.001414733,4.45E-05,0,0.000106306,0.000124089,0.001092546,0.008738733,0.003010761,0.000280802,0.000786442,0.001340855,0.000404237,0.000206532,0.000358145,0,0.003970523,0.004442624,0.006643537,0.012662707,0.027689382,0,0,0,0,0.016034033,0.000259554,0,0.027961816,0.000129973,0.002587303,0.001081039,0.003916847,0.000107352,0,0,0.000170312,0,0.000486353,0.000534799,0.00033997,0.00273787,0.000763363,0.000930929,0.000225884,0.000241967,0.000102383,0.000288517,0.000622211,5.01E-05,0.00218908,0.001154917,0.000199471,0.000141349,3.10E-05,0.001035993,0.000267465,0.000936094,0.001367922,0.010347707,0.014039716,0.012460425,0.00017005,0.000174954,0.000426532,0.001233241,0.001664153,0.007068108,0.029230361,0.024598597,0.002234911,0,0.00013285,0.000201825,0.000277664,0.000165082,0,0,0.000221961
D12B16A,B73,2,1,8,3,6,along,49,B73_7_9,50,0.000233776,0.002221154,0,0.004551284,0,0.000330767,0.000497196,6.39E-05,0.011483922,0,0.000650232,0.0007639,0.015670317,0.001441813,0.000146254,0.000128084,0.000947262,0.028669158,0.004638379,0.073577485,6.80E-05,0.00040784,0.002149327,0.000102706,0.000860763,0.000300698,0.000632361,7.06E-05,0.000256638,3.82E-05,0.001435032,0.001696106,0.000372908,0.000214156,6.31E-05,0.001373357,0.006033872,0.002991068,0.000938987,0.004944281,0.004643881,0,0.003255682,0.001462372,0.001524601,5.29E-05,0.000324839,0.003548958,0.072775197,0.061064366,0,0,0.000242222,0.00376128,0.027886875,0.00103214,0.000814315,0.002149925,0.012169854,0.085808928,0.000540957,0.001701011,0.000582159,0.001024462,0,0.000905719,0.000137809,0.000224521,0.000136359,0.003953556,0.075977777,0.060404366,0.000587917,0.000417138,0.006543608,0.000300612,0.041539915,0.012931323,0.000301039,0.000146638,0.000347658,0.001270608,0.000165704,0.000135762,0.000146382,5.16E-05,0.000410527,0.001794632,0.000862299,0,0,0.000324498,0,0.000127701,2.37E-05,0,0.006462271,0.007140611,0.01743296,0.016478532,0.035847004,0.000357937,6.61E-05,0.000110725,0,0.039111429,0.000324242,0.000370605,0.063170145,0.000245847,0.004436763,0.002436248,0.0123832,0.000240046,0,0,0.000130174,0,0.000326289,0.000325607,9.25E-05,0.003887488,0.000531318,0.000490414,0.000298437,0.000113711,0.000179779,0.000276429,0.000468193,3.86E-05,0.001823593,0.000720864,9.27E-05,0.000120535,3.10E-05,0.000343904,0.000223796,0.000645967,0.002213817,0.01211961,0.023216933,0.007525845,0.000113839,0.000226526,0.000401144,0.000982322,0.002254678,0.009606545,0.025051573,0.027871392,0.001429359,4.40E-05,9.53E-05,0.00018157,0.000236634,0.000227464,0,0.000658549,0.000265808
D12B18A,B73,2,1,8,3,8,along,49,B73_9_9,50,0.000620941,0.001449701,2.83E-05,0.004115108,0,0.00028575,0.000445445,4.03E-05,0.009569064,0.000170828,0.000508493,0.000312845,0.014429373,0.001682738,0.00019042,0.000460449,0.001443755,0.031663496,0.005443621,0.068837451,0.000103789,0.000534829,0.002158071,6.13E-05,0.001484018,0.000178489,0.000298839,0,0.000224299,0,0.002702557,0.001542158,0.000449355,0.000174698,0.000271904,0.002143506,0.004442597,0.002794894,0.000836341,0.005248213,0.005300407,0,0.004121732,0.000853261,0.002089078,5.42E-05,0.000280403,0.003047923,0.067232764,0.032165564,0,0,0.000200117,0.004280109,0.02695933,0.00145856,0.000929078,0.001535414,0.019278549,0.022285172,0.000581157,0.001507202,0.000898072,0.00156606,0.000113087,0.001148588,0.000104827,0.000452069,0.000117197,0.007464304,0.053605057,0.061068243,0.000852702,0.000738936,0.013112352,0.000939852,0.052742499,0.012073619,0.000291257,0.000507016,0.001325082,0.001816456,0.000111132,0.000512204,0.000441774,5.40E-05,0.000375174,0.000818544,0.000830076,7.69E-05,0.000106583,0.000112927,0,0,1.54E-05,3.10E-05,0.008088477,0.007380865,0.017428215,0.02495006,0.043834878,0.000609569,0.000324018,0,0,0.03210926,0.000264242,0.00036057,0.047900146,0.000270786,0.004946501,0.004075403,0.024860595,0.000252391,0,0,7.00E-05,0,0.000316077,0.000218433,0.000191298,0.003431039,0.000459451,0.00039357,0.000222303,0.000140461,0.000227012,0.000232359,0.000485548,0.00013683,0.001554049,0.000610327,6.97E-05,0.000147085,1.53E-05,0.000799989,0.000176853,0.000834506,0.00288348,0.021334347,0.023252557,0.007356564,6.87E-05,6.70E-05,0.000348599,0.002010946,0.004786008,0.028947012,0.054720684,0.043277105,0.003898271,5.79E-05,0.000139344,0.000257179,0.000510288,0.000408813,4.90E-05,0.000798273,0.000508852
D12B210A,B73,2,2,8,3,10,along,49,B73_11_9,50,0.001999965,0.001140133,1.87E-05,0.004856248,0,0.000368288,0.000504882,2.76E-05,0.009547745,0.000209591,0.000590497,0.000224114,0.012541384,0.001089789,0.000165683,0.000474184,0.001277236,0.027328102,0.005969876,0.073043403,0.000122621,0.000347625,0.001807988,4.65E-05,0.001134714,0.00013579,0.000254304,0,0.000204934,0,0.002512892,0.001345067,0.000522369,0.000217551,0.000240712,0.00389306,0.006176376,0.002742511,0.000937105,0.005713836,0.002900106,0,0.004200334,0.000789206,0.00231613,6.07E-05,0.000448821,0.005410331,0.070412844,0.014395524,0,0,0.000187658,0.003247901,0.024636656,0.001000321,0.000794329,0.002080668,0.020341773,0.023865826,0.000466182,0.001705098,0.000759482,0.001503255,0.00011229,0.00128291,0.000254092,0.000522665,0.000116355,0.010422692,0.056668915,0.05255246,0.000833665,0.001046728,0.013719201,0.001264957,0.048481692,0.00892274,0.000206924,0.000770279,0.001624395,0.001622913,9.35E-05,0.000208152,0.000348514,4.81E-05,0.000505559,0.001927519,0.001393337,9.51E-05,0.000215731,0.000112417,3.53E-05,0,1.55E-05,0,0.007234197,0.005912757,0.011868109,0.032170462,0.042224317,0.00060557,0.000416345,2.45E-05,0,0.036072457,0.000406099,0.000407242,0.059461685,0.000227629,0.004727275,0.004038758,0.013971473,0.000246979,0,0,4.22E-05,0,0.000257734,0.000116482,0.000118599,0.002387645,0.000399832,0.000268277,0.000188674,0.000100561,0.000162126,7.12E-05,0.000266202,6.34E-05,0.001092923,0.00045386,0.000148704,0.000129396,1.67E-05,0.000369643,0.000158315,0.000899802,0.004389135,0.021269902,0.016642257,0.003788773,4.40E-05,0.000169155,0.000968353,0.005857459,0.012649143,0.050339305,0.062058202,0.029914923,0.002646819,7.05E-05,0.000282842,0.000595535,0.000863092,0.000419606,4.81E-05,0.002156883,0.000416811
D12B212A,B73,2,2,8,3,12,along,49,B73_13_9,50,0.004534643,0.000146504,0,0.011472081,0,0.001011009,0.001124799,0.000192699,0.014119615,0,0.000624763,0.004926545,0.03133014,0.00044102,0,0.001995149,0.001856752,0.011167477,0.006993249,0,5.34E-05,0.000177426,0.000458744,0.000122181,0.000595726,5.85E-05,0.000406609,0,0.000433855,0,0.002607467,0.001027978,0.000146315,0.000339014,0.000231729,0.004846977,0.004983865,0.000564615,0.001481819,0.014210967,0.011351597,0,0.00456038,0.000965096,0.012268802,0.000259069,0.001120085,0.007938076,0.019559112,0.00123397,0,0,0.000816424,0.005450905,0.016673062,0.000648143,8.13E-05,0.004450361,0.020875573,0.166095201,0.000179123,0.001752484,0.00018346,0.0002816,0.000164605,0.005319014,0.000588278,0.000955763,0.000440737,0.048950669,0.09101132,0.068867273,0,0.003926379,0.027514912,0.003196782,0.047464984,0.006138926,0.000509464,0.00132504,0.002364236,0.000297816,0.000320913,8.32E-05,0.000440077,0.000138962,0.005947264,0.01182731,0.002178043,0.000274718,0,0.000303189,0,0.000192793,0,0,0.009173083,0.001403382,0.008121725,0.022546697,0.007218096,0.000354381,0,9.60E-05,0.001123385,0.037779043,0.000728088,0.000738836,0.038644491,0,0.001958381,0.001446749,0.003302842,5.79E-05,0,0,0,4.67E-05,0.000416508,0.000238328,0.00021985,0.001533388,0.000535484,0.000315162,0.000380118,0.000160174,0.000120295,0.000102477,0.000879117,8.20E-05,0.001504728,0.000509464,0.000168187,9.80E-05,7.82E-05,0.001354265,0.000224941,0.000893353,0.003321697,0.01760799,0.005908706,0.001095008,0.000155177,0.000221358,0.001057203,0.005244536,0.014809616,0.035685471,0.028178516,0.008107018,0.000367014,0,0.00023022,0.000444602,0.000311391,0.000167339,0,0.000295742,6.76E-05
D12B23A,B73,2,2,8,3,3,along,49,B73_4_9,50,0.000424358,0.001294892,0,0.007937381,0,0.000445029,0.000497371,4.50E-05,0.008623872,9.48E-05,0.000506981,0.000391417,0.011724808,0.00082194,8.26E-05,0.000195406,0.001366213,0.040688053,0.002734541,0.104265674,0,9.70E-05,0.001383801,0.00014379,0.00135763,0.000318102,0.00067398,0,0.000533333,0,0.001263826,0.00206854,0.00015757,0.000342883,0.00036573,0.001432457,0.004788273,0.00247821,0.000943971,0.006348321,0.005085765,0,0.002668963,0.001060381,0.002177757,0,0.000489816,0.000559686,0.015530972,0.010220608,0,2.56E-05,0.00014113,0.003157509,0.04150274,0.000651073,0,0.004803686,0.010412751,0.100927083,0.000529828,0.000771834,0.000170323,0.000868057,0,0.000752916,0.000142218,0.000350559,0.00023421,0.003807856,0.100241378,0.099058604,0.000664068,0.000760048,0.014823145,0,0.054536463,0.025783796,0.000361378,0.000262496,0.000349955,0.001287639,0.000277909,0,0.000181988,0.000176911,0.003921728,0.010101297,0.00197129,0.000637594,0.00160689,0.001474342,0.000442188,0.000389181,0.000373406,0,0.004767663,0.005553761,0.006960953,0.012420789,0.028828098,0,0,0,0.000608885,0.022360103,0.000289574,0.000222665,0.009826773,0.000213055,0.004418615,0.001151224,0.007645148,0.000121608,0,0,0.000130553,0,0.000408643,0.00025476,0.000117377,0.004052885,0.000490057,0.000607495,0.000174373,0.000206769,0.00012741,0.000156301,0.001088788,9.22E-05,0.002148987,0.001223995,0.000211726,0.000157328,0,0.000904321,0.000314536,0.001022242,0.002388999,0.008811723,0.025132179,0.016692108,0.000111151,0.000341614,0.000300393,0.001586823,0.002844121,0.00839885,0.03557509,0.040201804,0.002854396,0.000110003,0.000181324,0.000256271,0.000510668,0.00013968,0,0.00017667,0.000541614
D12B24A,B73,2,2,8,3,4,along,49,B73_5_9,50,0.000487554,0.001197818,0,0.006483288,0,0.000462979,0.000494885,0,0.008399754,3.62E-05,0.000528478,0.000398745,0.011650891,0.000941937,0,0,0.000906287,0.036939491,0.003104211,0.090993437,0,0.000213269,0.001190487,0,0.000847696,0.000307088,0.000588071,0,0.000371849,0,0.001769277,0.001988505,0.000259836,0.000258675,0.000406392,0.001535124,0.006046256,0.004125254,0.000836938,0.007071096,0.004852077,0,0.002111119,0.000586964,0.001594137,0,0.000495834,0.001229038,0.050027943,0.031556088,0,0,0.000129048,0.002367157,0.026835432,0.000701825,0,0.003439408,0.007740963,0.096918397,0.000473896,0.000922055,0.000321485,0.000562599,0,0.00076453,0.000104947,1.07E-05,0.000148086,0.003438037,0.087094794,0.082650849,0.000462874,0.000637433,0.011896541,0,0.045098026,0.024026654,0.000321327,0.000197448,0.000251503,0.000777345,6.94E-05,0.000377967,0.000138488,0.000121506,0.009021314,0.004516933,0.00099768,0.001103366,0.001311097,0.000660321,0.000258517,9.89E-05,0.000111961,0,0.005426015,0.004849229,0.008535025,0.012230472,0.021830839,0.00021522,0.000142337,0,0.000460817,0.02857507,0.000352653,0.000229617,0.048048087,0.000197131,0.004804244,0.001371481,0.006693235,0.000160004,0,0,0.000109851,0,0.000335672,0.000378125,0.000229248,0.004866632,0.000382871,0.000377492,0.000452432,0.000227613,0,0.00020963,0.000530746,3.54E-05,0.001634323,0.001145081,0.000263686,0.000174665,0,0.000700349,0.000271543,0.00045934,0.001571566,0.008861204,0.018368648,0.016093992,0.000144394,0.000362093,0.000601203,0.002206098,0.00391515,0.010178577,0.034995707,0.039330538,0.003468572,0,0.000175087,0.000331242,0.00117166,0.000230778,0,0,0.000711529
D12B26A,B73,2,2,8,3,6,along,49,B73_7_9,50,0.001945586,0.002568325,5.08E-05,0.005060029,0,0.000311674,0.000497284,4.35E-05,0.011182218,0.000160772,0.000560152,0.000716713,0.014389841,0.001195287,0.000108148,0,0.000955415,0.027651426,0.003987765,0.080692294,0.00016559,0.000421459,0.001797958,4.36E-05,0.000477076,0.000301242,0.000611559,5.37E-05,0.000252641,6.97E-05,0.00057933,0.001749357,0.000375383,0.000165824,3.40E-05,0.001811664,0.005091136,0.002223533,0.000860739,0.004519758,0.003078706,0,0.002618656,0.000827995,0.001802589,0,0.00019127,0.002640969,0.074462565,0.045354511,0,7.69E-05,0.000220319,0.003798787,0.02524261,0.000530355,0.000735752,0.002118005,0.01210489,0.085762053,0.000558514,0.0013228,0.000514965,0.001116748,0.000114556,0.001054816,0.000185096,0.000269247,0.000119936,0.005715418,0.073281125,0.074478516,0.00062054,0.000496348,0.008449333,0.000334781,0.056368239,0.017886544,0.0003824,0.00018257,0.000693044,0.001482262,4.37E-05,0,0.000159743,6.58E-05,0.000201982,0.001183779,0.002812827,0.000102956,0,0.00020694,0,0,1.32E-05,0,0.006370667,0.007968234,0.014933387,0.014701982,0.035480218,0.000427773,4.14E-05,0,0,0.033908659,0.000341938,0.000299418,0.062819409,0.00040069,0.003693586,0.002488196,0.00912376,2.77E-05,0,0,0.000132986,4.73E-05,0.000390726,0.000410139,0.000238,0.003759495,0.00063579,0.000612822,0.00042057,0.000124099,0.000173916,0.000447186,0.00042899,2.63E-05,0.002510415,0.000762134,0.000105107,0.000123444,0,0.000407753,0.000263353,0.000711568,0.002221569,0.013575411,0.025587448,0.001889407,0.000145897,0.000254232,0.000385207,0.001079795,0.002202063,0.008886695,0.024049007,0.025199248,0.001402975,0,0.000126718,0.000170221,0.000197959,0.000247028,0,0.000783651,0.000168303
D12B28A,B73,2,2,8,3,8,along,49,B73_9_9,50,0.000499609,0.001192468,0,0.004612465,0,0.000329431,0.000470879,6.28E-05,0.009696439,0.000167388,0.000488565,0.000374196,0.015075178,0.001696754,0.000210738,0.000395066,0.001326645,0.031069399,0.005984072,0.067800199,0.000116452,0.000481766,0.002370393,5.51E-05,0.001622512,0.000181537,0.000255661,0,0.000236088,0,0.002864343,0.001456185,0.000453076,0.000160117,0.000289814,0.002063797,0.005183526,0.003340293,0.000877264,0.005464261,0.005397683,0,0.003335183,0.000919907,0.00186426,0.000136261,0.000301448,0.002747655,0.06559743,0.026856008,8.91E-05,0,0.000226498,0.004289244,0.030611568,0.001493915,0.000993363,0.001528541,0.020094264,0.028008309,0.000604625,0.001686457,0.000934292,0.001765729,0,0.000960506,0.000115352,0.000398092,0.000112679,0.006050453,0.044673143,0.055411797,0.000838944,0.000520204,0.010396961,0.00096648,0.044975652,0.009723007,0.000157798,0.000455434,0.001147427,0.00161925,0.000107374,0.000392707,0.000347706,3.58E-05,0.000328802,0.001167825,0.000944156,8.67E-05,0.000185349,0.00014699,5.16E-05,7.89E-05,1.55E-05,0,0.006224091,0.006449292,0.014450902,0.021967799,0.045276825,0.000462272,0.000228306,0.000147855,0,0.034476781,0.000406935,0.000455159,0.058231886,0.000303806,0.00480029,0.004295965,0.00052551,0.000291229,0,0,6.54E-05,0,0.000220996,0.000171672,0.000323693,0.002702733,0.000283369,0.000457635,0.000392865,0.000198869,0,0.00017462,0.000205354,0.000271185,0.002353218,0.000888898,0.000192423,9.82E-05,0,0.000220053,0.000212507,0.001317291,0.00319118,0.025572556,0.022335432,0.009541706,5.51E-05,0.000218166,0.000519968,0.002567926,0.008168252,0.038028205,0.072408538,0.047560989,0.006357639,6.80E-05,0.000175209,0.000409529,0.000674072,0.000366768,0.00018303,0.000497408,0.00053561
D12C110A,CML312,2,1,9,2,10,along,49,CML312_11_10,50,0.00206298,0.001156722,0,0.005921933,0,0.000384966,0.00062818,0.000255284,0.008597724,5.68E-05,0.000839441,0.00252592,0.015141455,0.001591008,0,0.000401942,0.002535993,0.042703768,0.005518124,0.074895705,0.000153908,4.12E-05,0.002701059,9.79E-05,0.001456637,0.000139104,0.000398599,0,0.000291666,6.87E-05,0.002007408,0.002614054,0.000533231,0.000285718,0.000444489,0.001447997,0.004018983,0.001290963,0.001439227,0.006139836,0.006955224,0,0.004237667,0.000930831,0.004548436,5.13E-05,0.000862147,0.003192958,0.058765807,0.013396277,0.000214951,0,0.000275863,0.007471566,0.062462646,0.002465399,0.001101063,0.002147814,0.018287393,0.024477243,0.000806619,0.001559532,0.000419872,0.003103782,0,0.00383603,0.000935823,0.00117335,0.000475792,0.023671146,0.025446975,0.067807803,0.002055382,0.003123623,0.060847499,0.001978145,0.069090517,0.031592932,0.000861409,0.001367201,0.002669886,0.003498994,0.000146875,0.00127147,0.001052655,9.17E-05,0.000719961,0.005732901,0.002553446,7.18E-05,0.000420176,0.001093856,6.23E-05,0.000146137,8.21E-05,0.00020935,0.00597872,0.008542369,0.005339773,0.037074196,0.057622848,0.000588238,0.000327571,0.000177917,0,0.029698014,0.000453129,0.000396385,0.06844471,0.000325183,0.007422246,0.001506391,0.009442852,0.000326095,0,0,8.93E-05,0,0.000212867,0.000195327,0.000313938,0.003678257,0.000302259,0.000384836,0.000218684,0.000318106,0.000854636,0.000957054,0.000403678,8.56E-05,0.001257446,0.000710236,0.000129943,0.000358222,3.44E-05,0.000419004,0.000182346,0.000753869,0.001466449,0.004008737,0.006012281,0.004010213,6.32E-05,0.000208134,0.00024825,0.00066643,0.000748919,0.002516803,0.005339946,0.00360914,0.000589888,4.52E-05,9.01E-05,9.58E-05,0.000184994,6.83E-05,0,0.000653275,0.001236911
D12C112A,CML312,2,1,9,2,12,along,49,CML312_13_10,50,0.006042591,0.00035331,0,0.0046111,0,0.000357321,0.000589721,0.000233662,0.008910034,0.000241413,0.000631992,0.003431703,0.013837401,0.001116171,0,0.000464666,0.002012469,0.030652204,0.006009964,0.077739853,0.000157502,0.000350876,0.002021483,5.88E-05,0.000437807,6.26E-05,0.000244928,0,0.000250156,0.000156916,0.001317927,0.001312069,0.000305,0.000358222,0.000248804,0.003016068,0.003136707,0.00063776,0.001211393,0.005966882,0.005121462,0,0.003274786,0.001046636,0.006297344,0.00012456,0.000614417,0.008836218,0.040708738,0.003411829,0,0,0.00069603,0.005605415,0.02728945,0.001709002,0.000643619,0.006410547,0.027315453,0.063396146,0.000390984,0.001912335,0.000626449,0.001875922,0.000153221,0.000805132,0.000671875,0.001574933,0.000293328,0.057852606,0.03038641,0.068107201,0.001246319,0.00598991,0.071418084,0.00247353,0.077826423,0.01347634,0.000418474,0.004251661,0.005155981,0.002738783,0.000247272,0.000270075,0.000240107,0.000102208,0.000618067,0.004646611,0.000986564,9.86E-05,0.000232851,0.000365342,0,0.000187876,1.57E-05,0,0.006303067,0.004882797,0.007690124,0.048125587,0.042377001,0.001539151,0.000481069,0,0,0.027852944,0.000340917,0.000662096,0.055479571,6.82E-05,0.004124172,0.002709941,0.003338148,2.13E-05,0,0,8.81E-05,0,8.49E-05,0.000126543,0.000202252,0.002163933,0.000444251,0.000357681,0.000295627,0.000109778,0.000264667,0.000196258,0.000441367,0,0.000962139,0.000206939,7.10E-05,0.000125731,1.42E-05,0.000512435,0.000132626,0.000403287,0.001830542,0.006359578,0.004591046,0.000738436,8.64E-05,0.000133528,0.000381836,0.001520089,0.004019261,0.010029675,0.012647504,0.004473561,0.000200494,3.25E-05,0.000155249,0.000191076,0.000128661,0.000139161,0,0.000406261,8.89E-05
D12C13A,CML312,2,1,9,2,3,along,49,CML312_4_10,50,0.000314856,0.001546845,6.17E-05,0.00715999,0,0.000395484,0.000498526,6.21E-05,0.008398166,3.26E-05,0.000361762,0.000759173,0.009791665,0.000831333,8.56E-05,0,0.001144008,0.045128485,0.001994763,0.087478136,0.000138437,5.65E-05,0.001276107,9.60E-05,0.00059675,0.000224339,0.00065177,0,0.0003823,0,0.000458668,0.001586449,0.000170688,0.000172818,9.16E-05,0.000557805,0.002655813,0.001250143,0.00100121,0.001701256,0.003027463,0,0.002135228,0.000691121,0.002747242,6.62E-05,0.000299694,0.00088975,0.011870758,0.010099219,0,0,0.000245333,0.003380098,0.04220741,0.001128085,0,0.004971872,0.009814738,0.091427652,0.000862469,0.000830319,0.000354004,0.001245732,0,0.001398925,0.000436609,0.000664093,0.000211611,0.018807068,0.08777215,0.077393065,0.001177629,0.002433451,0.029916371,0.001635181,0.086554309,0.063394431,0.000621446,0.000453141,0.000928543,0.002024276,0.000106186,0.000455981,0.000112474,0.000132048,0.001520425,0.015361454,0.00198954,0.000330829,0.001565608,0.003542419,0.001283003,0.00027657,0.000596395,0,0.004290994,0.008474484,0.004173297,0.021225155,0.043500809,0.000202534,3.80E-05,7.96E-05,0.00062601,0.011294444,0.000162271,0,0.047702808,0.000166632,0.003859405,0.000563434,0.000438638,0.000123884,2.12E-05,0,0.000141733,0,0.000368253,0.000418963,0.00023296,0.002259213,0.000590564,0.000644316,0.000479763,0.000108113,0.000111662,0.000230424,0.00054173,3.46E-05,0.0024905,0.001345173,0.000156236,0.0001215,0,0.000540716,0.000215668,0.000806992,0.002105107,0.006086925,0.017253479,0.013336011,0.000173782,0.000322259,0.000449033,0.000953746,0.001709572,0.001740657,0.011003066,0.012677852,0.001239596,0.000172666,0.000154208,0.000310089,0.0005967,0.00010578,0,0,0.000323375
D12C14A,CML312,2,1,9,2,4,along,49,CML312_5_10,50,0.0006773,0.000938007,0,0.006260282,0,0.000342603,0.000467607,4.94E-05,0.010334148,0.00016337,0.000419544,0.000985911,0.011298242,0.001167779,3.53E-06,0.000169325,0.000959139,0.047969096,0.002596528,0.090914409,0.00011847,0.000228085,0.002572338,0.000113305,0.000496855,0.000181657,0.000522889,0,0.000430295,0,0.000434986,0.001336419,0.000165056,0,3.41E-05,0.000618329,0.002366598,0.000981537,0.000871868,0.004549799,0.003293643,0,0.002296559,0.000664757,0.002001387,4.14E-05,0.000156097,0.000854108,0.01433297,0.011643637,0,2.89E-05,0.000286635,0.004154971,0.045584633,0.001322769,0,0.004791165,0.010807078,0.085573636,0.001140533,0.000891684,0.000321523,0.002203702,0,0.001561026,0.000446053,0.000801619,0.000167955,0.024916969,0.037634789,0.086889712,0.001373783,0.002094508,0.023844682,0.001742735,0.087304355,0.064883626,0.00055725,0.000440677,0.001340002,0.00298772,7.13E-05,0.000325422,0.000149615,5.77E-05,0.001736991,0.01190524,0.001468169,0.000260601,0.000718722,0.002854863,0.000848628,0.000299125,0.000382654,0,0.005319061,0.010332304,0.005666459,0.026865655,0.055000274,3.20E-05,3.38E-05,6.82E-05,0,0.017329648,0.00020105,0.000217018,0.06008698,3.85E-05,0.004312017,0.000789498,0.000869918,5.04E-05,0,0,0.000132382,0,8.49E-05,0.000117626,0.000122211,0.002520956,0.000425394,0.000399518,0.000268559,7.48E-05,7.76E-05,0.000191301,0.000368373,3.68E-05,0.001163088,0.000597249,0.000138706,7.58E-05,0,0.000313407,0.000218599,0.000335172,0.001141745,0.005254714,0.012325417,0.007779675,0.000118259,0.00017333,0.000310561,0.000599515,0.001129308,0.003420755,0.012560986,0.013940618,0.001362821,0,7.67E-05,0.000115518,0.000111987,9.44E-05,0,0.000100025,0.000311193
D12C16A,CML312,2,1,9,2,6,along,49,CML312_7_10,50,0.000897504,0.001271775,0,0.0054663,0,0.000281463,0.000424658,5.32E-05,0.010937793,7.69E-05,0.000398431,0.001120086,0.010968862,0.00171716,5.94E-06,9.98E-05,0.00068513,0.024260187,0.003288749,0.075912735,0,0.000267513,0.002539942,6.13E-05,0.000365514,0.000171184,0.000435968,0,0.000282035,0,0.000304082,0.002041133,0.000330838,0,6.74E-05,0.000949783,0.00321209,0.001272523,0.000927208,0.004325267,0.002962048,0,0.002305169,0.000688035,0.00222499,3.88E-05,0.000107727,0.002461875,0.03757061,0.030682959,0,0,0.000249206,0.003836448,0.040193811,0.001591479,0,0.003679302,0.009684633,0.076098133,0.001141473,0.001360931,0.000467036,0.002253022,0.000150809,0.001650359,0.000543695,0.000662643,0.000148212,0.027674617,0.074999125,0.064868843,0.001619247,0.001535635,0.015916858,0.002759576,0.076826829,0.055612257,0.000406924,0.000352356,0.001364364,0.002825365,0.000354997,0.000260868,0.000137123,8.48E-05,0.000404284,0.003212574,0.001707259,0.000125109,0.000201152,0.000740754,0.000221394,0.000159698,7.49E-05,0,0.006589731,0.011641626,0.005939805,0.031519426,0.051937708,0.000560153,0.000272265,0,0,0.023217507,0.00023002,0.000215498,0.063182047,0.000399839,0.003954956,0.00087154,0.004326851,0.000224915,0,0,0.000130214,0,0.000257523,0.000138223,9.05E-05,0.003536899,0.000486839,0.000159566,0.000184473,4.85E-05,7.61E-05,0.000214001,0.000439841,0,0.001483312,0.00090054,5.81E-05,9.52E-05,3.13E-05,0.000458455,0.000154461,0.000398739,0.001600148,0.007089508,0.017695847,0.010033293,0.000111203,0.000168543,0.000252375,0.000625282,0.00128018,0.003387322,0.012637263,0.015379148,0.001261566,7.36E-05,9.43E-05,0.000196355,0.000246126,0.00017268,0,0.000376296,0.000271473
D12C18A,CML312,2,1,9,2,8,along,49,CML312_9_10,50,0.001689277,0.000914766,0,0.005426413,0,0.000270719,0.000336299,0.000104617,0.007097831,0.000147996,0.000302341,0.000552784,0.010947122,0.001358877,0.00014943,0.000383815,0.000841484,0.024732221,0.00368536,0.070661673,4.10E-05,0.000298491,0.002211708,9.64E-05,0.001038635,0.000111048,0.000243356,4.99E-05,0.000195963,0,0.001254014,0.001554921,0.00041384,0,0.000217918,0.000567243,0.002757118,0.001429127,0.000723022,0.004435172,0.003998966,0,0.002912487,0.000575968,0.002459692,4.88E-05,0.000233279,0.002715091,0.04473848,0.048406554,6.53E-05,0,0.000155083,0.002532277,0.029935718,0.001001728,0.000632414,0.000695823,0.008971233,0.066718661,0.000683944,0.001109377,0.000506578,0.001892162,0.000102938,0.001562786,0.000363825,0.000389959,0.000111827,0.016477906,0.073012365,0.057913571,0.001328196,0.000911939,0.010656823,0.001729789,0.075272449,0.060666757,8.70E-05,0.000394834,0.000522103,0.002349545,5.05E-05,0.000730887,0.000326878,0,0.000101627,0.00087749,0.001427406,4.60E-05,0,0.00025249,0.000113834,0,2.48E-05,5.41E-05,0.004310278,0.006029171,0.004930854,0.024112095,0.044091934,0.000628031,0.000260437,8.74E-05,0,0.023964673,0.00031463,0.000217755,0.040471539,0.000261338,0.003089321,0.00096691,0.006477665,0.000236351,0,0,3.91E-05,0,0.000105314,0.000232173,0.000118544,0.00207895,0.000209521,0.000496338,0.000163029,0.000215379,0,0.000104617,9.64E-05,0.000570356,0.002262951,0.001900764,6.63E-05,5.94E-05,0,9.59E-05,0.000269121,0.001249795,0.001289856,0.005840663,0.015394172,0.024083913,0,0.000233033,0.000117438,0.000611277,0.001491922,0.007204619,0.030368073,0.042723881,0.021158318,0,4.21E-05,0.000152297,0.000380702,0.000103593,0.00030611,0.000821413,0.00079999
D12C210A,CML312,2,2,10,2,10,along,49,CML312_11_11,50,0.001566774,0.000948807,0,0.003894962,0,0.000251863,0.000425547,5.75E-05,0.010977507,0.000243333,0.000730646,0.001912238,0.014068748,0.001707366,0.000226349,0.000325891,0.001207715,0.035008048,0.004668791,0.06569037,8.89E-05,0.000459781,0.003698582,7.82E-05,0.000917163,0.000165763,0.000328785,4.20E-05,0.000162603,0,0.001552532,0.002092548,0.000416141,0.00015076,0.000263591,0.000997093,0.004076338,0.001319328,0.000937955,0.004531131,0.005282187,0,0.004162438,0.000972303,0.004007946,5.86E-05,0.000262335,0.003199617,0.041451493,0.030157995,0,0,0.000275968,0.004758051,0.036208604,0.001856069,0.000930796,0.001107107,0.014179675,0.051822686,0.000740851,0.001552798,0.000662177,0.002920146,0,0.001459502,0.000599726,0.00062444,0.000167439,0.028261028,0.040252803,0.056399704,0.001951156,0.00180508,0.022833107,0.001857555,0.067765553,0.052275841,0.00037749,0.000377033,0.001822445,0.003330232,0.000191353,0.000837232,0.000515683,5.20E-05,0.000496452,0.002739074,0.001357942,0.000106358,0.00017951,0.000678476,0.000161689,0.000150493,2.79E-05,3.72E-05,0.006295579,0.007512928,0.006688758,0.037855651,0.050326399,0.001054518,0.000368198,0,0,0.031800206,0.000294246,0.000300491,0.05503586,0.000239106,0.004868598,0.001395336,0.00055997,0.000339562,0,0,9.48E-05,0,0.000189868,0.000188802,0.000313362,0.003740851,0.00035784,0.000328023,0.000416027,0.000150874,0.000111156,6.49E-05,0.000741879,4.06E-05,0.001476485,0.001005471,0.000105749,8.78E-05,0,0.00087318,0.000228253,0.000653381,0.001529798,0.011465925,0.025730062,0.014433252,0.000125246,0.000189906,0.000284688,0.0008236,0.001843084,0.0066423,0.021843935,0.03084443,0.003326919,8.79E-05,0.000117478,0.000236631,0.000381069,0.0003027,0,0,0.001233381
D12C212A,CML312,2,2,10,2,12,along,49,CML312_13_11,50,0.003283718,0.000509393,0,0.004815598,0,0.000281485,0.000426592,0.00017098,0.008508334,7.26E-05,0.000711505,0.002196081,0.013839637,0.001251875,4.47E-05,0.000383769,0.001367407,0.035771694,0.004938767,0.067217466,2.93E-05,0.000356025,0.00244129,9.38E-05,0.000886031,0.000102595,0.000184189,0,0.000238974,0,0.001255811,0.001071817,0.000374144,0.0002041,0.000280667,0.00102537,0.003247909,0.000876134,0.000952739,0.004964017,0.005462616,0,0.004165813,0.000832454,0.004831301,7.68E-05,0.000605403,0.002950565,0.04292057,0.014680274,0,0,0.000401147,0.006979143,0.042509642,0.002110747,0.000848079,0.003240545,0.026387733,0.056559419,0.000549994,0.0014829,0.000798476,0.002713696,8.46E-05,0.002271557,0.000714116,0.000916112,0.00021127,0.038741352,0.066487453,0.06678577,0.00157969,0.003756406,0.050339514,0.001930572,0.071916753,0.026646189,0.000587128,0.00223832,0.003479713,0.003479752,0.000169226,0.000647719,0.000279147,5.28E-05,0.000507055,0.00556564,0.001479121,4.16E-05,0.000244468,0.000851196,1.36E-05,0.000151146,0.000102128,0.000163031,0.004976758,0.005099616,0.006373701,0.037424834,0.051327984,0.000650642,0.000313748,0.000115688,0,0.02048216,0.000273809,0.000354389,0.048369743,2.57E-05,0.00391628,0.001549882,0.005327056,0.000215361,0,0,6.53E-05,0,0.000180682,0.000147912,0.000211737,0.002708474,0.000340907,0.00049404,0.000317762,0.000119623,0.000220504,6.28E-05,0.000490845,5.02E-05,0.001158086,0.000505068,0.000142769,0.000130495,1.44E-05,0.000741431,0.000149432,0.000402316,0.001735045,0.007320635,0.009314525,0.003835388,9.60E-05,0.000101466,0.000406875,0.001464002,0.003076657,0.008627997,0.017844446,0.010116937,0.000914943,7.82E-05,0.000157147,0.000249884,0.000368728,0.000222336,1.83E-05,0.000127299,0.000553229
D12C23A,CML312,2,2,10,2,3,along,49,CML312_4_11,50,6.07E-05,0.000658387,0,0.0067902,0,0.000389659,0.000425839,6.23E-05,0.006390532,0.000118505,0.000208023,0.000736639,0.019074928,0.001226562,7.70E-05,0.000524196,0.001721381,0.054154781,0.00287957,0.07474662,0,0.000136704,0.0020392,0.000179946,0.002163425,0.000324015,0.000393732,0,0.000348063,0,0.001129115,0.001702186,0.000202044,0,0.000295158,0.000285063,0.002543812,0.002022129,0.001175434,0.008391299,0.005766288,0.000276353,0.00370161,0.000681611,0.002526567,0.000111616,0.000132847,0.000343514,0.00346044,0.00467799,0,0,0.000250313,0.004102492,0.060771188,0.000804536,0,0.001839843,0.009649925,0.048649985,0.001559113,0.000875379,0.000362665,0.001757821,0,0.0012484,0.000403091,0.000556173,0.00017453,0.023071956,0.068555922,0.070953368,0.001586887,0.000776762,0.017330062,0.00097469,0.07665293,0.080593197,0.000117249,0.000309067,0.000454436,0.001978583,0,0.000768269,0.000213439,4.04E-05,0.001618604,0.0186292,0.001737196,0.000287662,0.002175384,0.005624732,0.002972207,0.00031366,0.000325879,0.000209886,0.003906341,0.008998557,0.003340982,0.0201228,0.052968342,6.00E-05,2.27E-05,0,0,0.013854933,0.00024195,0.000206853,0.026015783,0.000119459,0.005155867,0.000550497,0.003677433,0.000142206,0,0,4.81E-05,0,0.000165127,0.000251526,0.000266734,0.001330942,0.000140257,0.000266214,0.000110533,0.000198274,0,0,3.55E-05,0.000914592,0.002915923,0.004684229,4.96E-05,1.87E-05,2.98E-05,5.81E-05,0.000161791,0.001304338,0.002009737,0.005066436,0.0143371,0.027927422,0,9.68E-05,8.53E-05,0.000783348,0.00221425,0.005856456,0.015526962,0.025189322,0.020063352,0,3.06E-05,0.000421809,0.000166254,2.96E-05,0.000228995,7.58E-05,0.001022438
D12C24A,CML312,2,2,10,2,4,along,49,CML312_5_11,50,8.84E-05,0.001230424,0,0.006007719,0,0.00032079,0.000470909,0.000208422,0.009523196,0.000131687,0.000460115,0.001402622,0.015475224,0.00126374,2.61E-05,0.00016037,0.001460925,0.048684061,0.003326965,0.085019228,0.000179246,0.000288213,0.003655295,0,0.000565583,0.000360167,0.000760255,4.48E-05,0.00037722,0,0.000607031,0.001946077,0.000409304,0.000185801,6.82E-05,0.000460953,0.003077095,0.001765254,0.000937234,0.004443001,0.004011619,0,0.002837772,0.001210711,0.001968846,4.22E-05,0.000153125,0.000296345,0.002057114,0.002510773,0,0,0.000486877,0.003647607,0.047092483,0.000511519,0.000657646,0.004416043,0.008459203,0.059920713,0.001090704,0.001260093,0.000394026,0.002231284,0,0.001333428,0.00030768,0.000484117,0.000198959,0.024431555,0.073723533,0.08007353,0.001249941,0.001702072,0.015046009,0.002074708,0.060296454,0.072965201,0.00040817,0.000261698,0.000631377,0.002159378,0.00015761,0.00035519,0.000134693,5.49E-05,0.001248019,0.011040009,0.00126443,0.000242527,0.000945464,0.003114453,0.001296908,0.000508463,0.000534682,0,0.00395785,0.007408912,0.00466335,0.020828451,0.052133792,0.000243069,4.87E-05,0,0.002106595,0.019187738,3.77E-05,0.000197037,0.062214538,0.000368841,0.004890106,0.000518517,0.002449858,0.000250905,0,0,0.000205909,0,0.000833836,0.001405481,0.000902242,0.00286892,0.001078876,0.002328718,0.00187087,0.000529557,7.80E-05,0.000240802,0.000620042,5.05E-05,0.004986752,0.002328472,0.000216603,0.000125526,3.55E-05,0.000572286,0.000716589,0.00238505,0.004053904,0.007540451,0.018528367,0.016384563,0.000453117,0.000768781,0.001793198,0.001592464,0.001937058,0.004617812,0.012519712,0.020914895,0.002509295,0.000159582,0.000196052,0.00028841,0.000258692,0.000233951,0,0,0.000469676
D12C26A,CML312,2,2,10,2,6,along,49,CML312_7_11,50,0.000202779,0.002231568,0,0.004416762,0,0.000310588,0.000482937,1.92E-05,0.00774612,0.000242139,0.000377658,0.000959742,0.011352532,0.001575937,0.000157939,0.000113251,0.00098634,0.021778012,0.0034323,0.06611434,0,0.000226733,0.002174425,0.000140002,0.000640952,0.000315379,0.000499379,5.41E-05,0.000182888,0,0.001234995,0.002972971,0.000587029,0.000162844,0.00023252,0.000581088,0.004420441,0.002446726,0.001094264,0.004970294,0.004334363,0,0.003108068,0.001330693,0.002549668,4.78E-05,0.0002554,0.004015879,0.04618104,0.056105264,0,0,0.000296408,0.002975309,0.036994732,0.001266192,0,0.003836977,0.007397206,0.073083836,0.000876653,0.001327895,0.000203546,0.001214414,0,0.000954722,0.000358457,0.000412457,0.000178941,0.021150244,0.049320075,0.062529927,0.001324446,0.001302026,0.01331084,0.001741387,0.066227477,0.047561863,0.000322086,0.000340559,0.00071036,0.001659907,0.000385054,0.000520381,0.000145981,7.34E-05,0.000891408,0.003161953,0.002267747,0.00016683,0.000249766,0.000772255,0.000297098,0.000149814,6.34E-05,0,0.005883663,0.008406542,0.005051008,0.02460665,0.04168962,0.00043162,0.000244899,0,0.000866727,0.024476842,0.000232481,0.000259961,0.056924429,0.000302195,0.00438591,0.0006449,0.004153161,0.000219374,0,0,8.90E-05,0,0.00025425,0.000208068,9.85E-05,0.004690826,0.00028583,0.000174074,0.000201131,8.95E-05,0,0.000373902,0.000615121,4.38E-05,0.001779138,0.001695358,0.00018262,0.000114439,1.95E-05,0.000574036,0.000227576,0.000831813,0.001787148,0.011036271,0.029570583,0.020710844,0.000108614,0.000250034,0.00063528,0.001094418,0.002411237,0.006512735,0.020051495,0.036815216,0.003032375,0.000109189,0.000113673,0.000242293,0.000658812,0.000214353,2.99E-05,0.00043802,0.001459581
D12C28A,CML312,2,2,10,2,8,along,49,CML312_9_11,50,0.000961305,0.002339321,0,0.004264235,0,0.000332821,0.000471989,0.000218966,0.008221004,0.000217059,0.000449854,0.00099103,0.010968611,0.001311849,2.22E-05,0.000130466,0.000609211,0.013073309,0.003585599,0.06855546,0,0.000242254,0.002020767,6.66E-05,0.000677086,0.00021384,0.000474811,0,0.000222702,0,0.000927884,0.002889875,0.000362029,0.000142864,0.000223139,0.000707646,0.003760176,0.001903535,0.000942349,0.00533856,0.004447475,0,0.002665545,0.000925539,0.003787557,5.74E-05,0.000292087,0.004206374,0.035974459,0.043791072,0,0,0.000218728,0.002646986,0.028229974,0.001090817,0.000571895,0.002257616,0.008014874,0.076144245,0.000679153,0.001462185,0.000331112,0.001148082,1.13E-05,0.001278349,0.000410075,0.000384045,0.000171239,0.020314012,0.059636745,0.058727301,0.001506097,0.00111319,0.01117041,0.001624085,0.072817232,0.066485734,0.000340451,0.000278695,0.000498615,0.001740641,0.000540262,0.000497502,0.000171199,7.49E-05,0.000226636,0.001437387,0.001993466,9.94E-05,0,0.000373276,0.000189559,0.000119021,1.76E-05,0,0.005957865,0.006946431,0.006797764,0.027518792,0.037606571,0.000857306,0.000318832,0,0,0.027550623,0.000209786,0.000234941,0.052788551,0.000341484,0.002967249,0.000723105,0.003379589,4.96E-05,0,0,0.000213323,0,0.000980738,0.001663189,0.001031724,0.004051667,0.001121695,0.002439743,0.002129654,0.000579366,0,0.000191744,0.000694134,9.11E-05,0.00417192,0.001798741,0.000455139,0.000135751,0,0.000527188,0.00062757,0.000917988,0.002868456,0.008961038,0.027615717,0.023023628,0.000358095,0.000498496,0.000579604,0.000773336,0.002175911,0.004186942,0.019324691,0.042193374,0.004989883,0.000149461,0.000154429,0.000234624,0.00035583,0.000233431,0,0.001447521,0.00077266
D12P110A,PT,2,1,7,1,10,along,49,PT_11_8,50,0.000826088,0.000102516,0,0.006836774,0,0.000369605,0.000379782,9.48E-05,0.002241509,0.000204586,0.000151913,0.001082354,0.024572103,0.00178299,0.000277663,0.001237196,0.003752893,0.051545919,0.011037363,0.085642115,0.000110757,0.000968022,0.005689683,0.0003424,0.001255664,0.000236905,0.000538,4.86E-05,0.000314549,0,0.001454789,0.000809904,0.000440796,0,0.000242812,0.000797195,0.002653759,0.003219411,0.001548965,0.005057358,0.00739483,0,0.006702435,0.00128699,0.001518483,2.84E-05,0.000341903,0.000358485,0.000908747,0.000305017,0,0,0.000389711,0.007761754,0.04607522,0.00327824,0.001135524,0.008079183,0.05749579,0.062637742,0.001060957,0.001272295,0.0019493,0.005935275,0,0.001813472,0.000422079,0.000505483,0.00017182,0.029705517,0.055762842,0.072016574,0.00159305,0.003407366,0.025734932,0.001705842,0.055060667,0.011403443,0.000198678,0.00157766,0.002747091,0.003162766,0.000119098,0.000757777,0.000806528,0,0.001982463,0.015486374,0.002435421,0.000188948,0.000876279,0.001244742,0.00018721,0.00028784,0.000247926,0.000428831,0.008166259,0.008121529,0.009204033,0.037856684,0.07047034,0.000235763,0.000509156,0.000503348,0,0.007949014,0.000334854,0.000422874,0.072682608,3.81E-05,0.008173706,0.00509057,0.019025795,0.000535319,0,0,3.49E-05,0,0.000198728,0.000118452,9.14E-05,0.001858152,0.000237848,0.000137168,9.57E-05,7.06E-05,0.000104601,0.000104155,0.000232586,9.02E-05,0.000489944,0.000318769,5.75E-05,3.01E-05,0,0.000253883,0.000134339,0.000300797,0.000687182,0.002443166,0.002147432,0.000880598,3.40E-05,0.000100977,0.000199919,0.000550361,0.000711012,0.002735573,0.005165136,0.002997052,0.000372782,0,4.75E-05,0.000109467,0.000137913,7.11E-05,4.05E-05,8.97E-05,0.00037596
D12P112A,PT,2,1,7,1,12,along,49,PT_13_8,50,0.000418732,4.80E-05,0,0.009213293,0,0.000457632,0.000649277,0.000121557,0.002517178,0.000185061,0.00012262,0.003339612,0.026107853,0.000561368,3.38E-05,0.000380363,0.00186032,0.017506998,0.0080736,0.114705067,0.000155138,0.000459361,0.001790166,5.11E-05,0.000443535,0.000113577,0.000419463,0,0.000528784,0,0,0.000524329,0.00018433,0,0.000174954,0.001570393,0.00221967,0.00041667,0.001092413,0.006064394,0.003476729,0,0.002731431,0.00094705,0.003091446,6.60E-05,0.000853223,0.000509101,0.001783583,0.000360214,0,0,0.000563296,0.005121067,0.026504774,0.0012933,7.92E-05,0.007401515,0.03870192,0.114432629,0.000135587,0.001186506,0.000611307,0.001550245,5.30E-05,0.004604651,0.00077469,0.001226404,0.000288132,0.045018271,0.060224606,0.089041281,0.00055904,0.004894445,0.052442262,0.003273913,0.094943222,0.011768639,0.000431499,0.003218056,0.006368484,0.002354127,4.02E-05,0.000170565,0.00021678,0.000129802,0.002477944,0.029888274,0.002866087,0.000170432,0.000652535,0.001704717,0.000221169,0.000362542,0.000404302,0,0.007970065,0.00442358,0.008958144,0.024561732,0.026772624,0.000393263,0.000290259,0,0.001954347,0.006081284,0.000402706,0.000483766,0.049567929,0,0.002844276,0.00208109,0.003315009,3.42E-05,0,0,0.000126344,0,0.000148421,0.000218243,0.000173291,0.001315909,0.000674413,0.000695758,0.000499259,0.000144897,6.02E-05,0.000112047,0.000463085,5.55E-05,0.001376089,0.000279686,0.000125214,2.80E-05,0,0.000427243,0.000265323,0.000512958,0.001252937,0.004008705,0.001897026,0.00057859,0.000168503,0.000188519,0.000440875,0.000818977,0.001302277,0.002793805,0.002514119,0.000911341,0.000100809,0,9.59E-05,0.000132662,7.31E-05,6.23E-05,0,9.58E-05,2.67E-05
D12P13A,PT,2,1,7,1,3,along,49,PT_4_8,50,2.20E-05,0.002707392,0,0.005805175,0,0.000411283,0.000576044,0.000490561,0.001514191,8.95E-05,0.000116098,0.000668664,0.023988966,0.001053883,0.000126079,0.000270051,0.002587053,0.044949705,0.005084383,0.089210008,0.000294461,0.000427211,0.001905874,0.000482235,0.00288653,0.000532604,0.000901637,0,0.000485803,0,0,0.00162186,0,0,0,0.000691936,0.004119293,0.005528556,0.000976674,0.004265644,0.004602614,0,0.003471935,0.000833995,0.00270341,4.75E-05,0.000184154,0.00037017,0.001742819,0.00158023,0,0,0.00044769,0.004066389,0.037276872,0.001567922,0,0.003759414,0.034000313,0.055299366,0.001563164,0.000951231,0.000662355,0.001600916,0,0.000719292,0.000133578,8.52E-05,0.000182086,0.010474396,0.073018092,0.07966538,0.000644462,0.001189633,0.005109826,0.000690074,0.02795353,0.014815595,0.000195893,0.000192894,5.86E-05,0.001437034,0,0.000498887,0.000175932,0.000128148,0.001366857,0.01175334,0.001562699,0.000242695,0.000840821,0.001508606,0.000436571,0.001056366,0.000567615,0,0.003297813,0.010837016,0.005390065,0.009552488,0.046896433,9.62E-05,2.83E-05,9.60E-05,0,0.003691927,0.00026276,0.000375962,0.060020354,0.00018343,0.005862836,0.002163669,0.015052239,0.000205357,0,0,0.000440346,0,0.001343793,0.001825459,0.002226037,0.003157409,0.002954793,0.005200274,0.001812634,0.001408229,0.000132492,0.000200082,0.000861662,0.000715673,0.012020961,0.002760399,0.000803897,0.000196928,0,0.001274237,0.001834198,0.005790281,0.008425584,0.019531669,0.030731253,0.025969567,0.00085437,0.001326158,0.001121008,0.00184449,0.003019953,0.010170627,0.034433471,0.042651733,0.008394556,0.000347106,0.000314422,0.000379479,0.000492474,0.000406835,0,6.62E-05,0.000318352
D12P14A,PT,2,1,7,1,4,along,49,PT_5_8,50,2.28E-05,0.001198133,0,0.004976483,0,0.000335925,0.000369816,0.000123064,0.001156503,0,7.33E-05,0.001278323,0.023367302,0.001455114,2.62E-05,0.000674075,0.002458887,0.042726359,0.005439787,0.076723548,0,0.000508847,0.00307541,0.000366747,0.003079991,0.000293451,0.00071219,0,0.000373241,0,0.001071644,0.001514,0.000251066,0,0.000192313,0.000535044,0.002896218,0.004115877,0.000876484,0.006893477,0.004881705,0,0.00425215,0.001021075,0.001772537,2.26E-05,0.000112257,7.90E-05,0.001126616,0.001134266,0,0,0.000364123,0.005139931,0.045476029,0.001431542,0,0.003080125,0.035699677,0.073064349,0.001625856,0.000947112,0.000780594,0.002322035,0,0.0007411,0.000197383,0.000351181,0,0.021341075,0.060556117,0.068384653,0.000833209,0.001121946,0.00992926,0.00161794,0.051851809,0.028077864,0.000123732,0.000294341,0.000349535,0.00201364,0,0.000713614,0.000282821,4.59E-05,0.001344903,0.012278025,0.001266225,0.000222512,0.000766985,0.001976058,0.000560439,0.000552211,0.000290071,0.000400282,0.004645049,0.011832067,0.006266236,0.014222061,0.057198864,0.000109455,0.000272992,0.000261918,0,0.004171293,9.01E-05,0.000382091,0.05565929,0.000321604,0.00615856,0.001877989,0.000619058,0.000301234,0,0,0.000153175,0,0.000499819,0.000522724,0.000448538,0.002434381,0.000454631,0.001021564,0.000560928,0.000556081,0,0.000165539,0.000233542,0.002152805,0.005299911,0.00398832,0.000159579,4.64E-05,0,0.000169275,0.0008365,0.003702163,0.004754504,0.010345375,0.021063368,0.025808889,6.16E-05,0.000446448,0.00019516,0.001282993,0.00269412,0.011071398,0.033165715,0.042292053,0.014790373,9.20E-05,8.03E-05,0.000521478,0.000501954,0.000359987,0.000243416,8.83E-05,0.000364701
D12P16A,PT,2,1,7,1,6,along,49,PT_7_8,50,3.81E-05,0.001573848,0,0.005117269,0,0.000120821,0.000391521,8.78E-05,0.001188796,0.000138504,0,0.001063986,0.015831693,0.001899432,2.31E-05,0,0.001711112,0.039471918,0.006933782,0.09300522,6.95E-05,0.000854801,0.004425719,7.13E-05,0.00087448,0.000326124,0.0003871,0,0.000425271,0,0.000357555,0.001695423,0.000246332,0.000174195,9.00E-05,0.000976808,0.003192444,0.005425008,0.000741529,0.002632119,0.002335378,0,0.002534751,0.002313705,0.001201843,0,5.59E-05,0.000261751,0.000994114,0.0008603,0,0,0.000358903,0.003676049,0.030643124,0.002293433,0.000915184,0.004676956,0.032667906,0.10202751,0.00128789,0.000963868,0.000957237,0.003027252,3.09E-05,0.000648096,0.000113434,0.00030995,0.00014961,0.026948637,0.069891516,0.092484522,0.001100054,0.001793061,0.012662756,0.002072441,0.071817204,0.033487986,0.00017123,0.000263153,0.000771828,0.002442073,9.02E-05,0.000168426,0.000154624,6.33E-05,0.000599466,0.005029552,0.002195903,0.000121629,0.000120659,0.00107423,3.12E-05,0.000379121,0.000247841,0,0.005391474,0.011627883,0.009034366,0.017876908,0.067211899,3.15E-05,0.000318414,0.000208754,0.00240897,0.004241064,0.000276685,0.000315449,0.062311417,0.000429584,0.005173016,0.002677946,0.009728235,0.00035734,0,0,0.000158722,0,0.000437671,0.00041465,0.000195761,0.002891336,0.000692629,0.000756894,0.000548733,0.000132628,0.000103352,0.000246925,0.000494119,5.85E-05,0.001861801,0.000947155,0.00015732,5.57E-05,0,0.000507058,0.000344562,0.000831726,0.00276507,0.007447633,0.013649106,0.007431567,0.000191124,0.000253448,0.00048091,0.000992335,0.00213951,0.005860038,0.012384561,0.019803135,0.00145885,0,0.00014093,0.000173009,8.97E-05,0.00012977,0,0,0.000101034
D12P18A,PT,2,1,7,1,8,along,49,PT_9_8,50,0.000275576,0.000660863,0,0.006122977,0,0.000302264,0.000437045,0.000175299,0.001670983,0.000154208,0.000154901,0.002240682,0.0181786,0.001829539,0.00026429,0.000208694,0.002184438,0.042880173,0.008539652,0.079789634,0.000134273,0.000861925,0.0048531,9.81E-05,0.001006466,0.000247222,0.000415491,0,0.000329044,0,0.001073857,0.001549199,0.000447914,0.000208694,0.000249489,0.001204337,0.004613139,0.005177704,0.001024829,0.004376971,0.003716663,0,0.002779993,0.001218906,0.002110017,3.37E-05,0.000141303,0.00038686,0.001803498,0.000861093,0,0,0.000286353,0.005907577,0.032975548,0.002483742,0.000941804,0.003553297,0.040199254,0.088475584,0.001097677,0.001024459,0.001252902,0.003556303,0,0.000852906,0.00051216,0.0004518,0.000191349,0.038100615,0.037961162,0.079582281,0.001378618,0.002792111,0.02297578,0.002348498,0.078586361,0.031822228,0.000412115,0.000286306,0.001588607,0.003076197,6.01E-05,0.000254577,0.000354668,6.89E-05,0.00049685,0.005423169,0.001987678,0.000114939,0.000307721,0.000925755,7.97E-05,0.00021318,0.000131821,5.06E-05,0.00688791,0.010085197,0.009523177,0.023331466,0.065332692,0.000338572,0.000400551,0.000264614,0,0.006368164,0.000250414,0.00026688,0.064148522,0.000293892,0.006430236,0.0034218,0.011787355,0.000428858,0,0,0.000171738,0,0.000541068,0.00077312,0.000554435,0.002743221,0.000843332,0.001234124,0.00098297,0.000285613,0.000188342,0.000197084,0.000678486,3.95E-05,0.003087853,0.001139999,0.000256057,0.000101248,0,0.000643565,0.000540328,0.001224595,0.003911804,0.010299025,0.014073227,0.006392216,0.000276269,0.000457951,0.000751473,0.001434307,0.002508256,0.005075438,0.012512788,0.011627736,0.000938289,0.000141026,0.000129694,0.00027095,0.000367897,0.000305409,0,0.000212348,0.000390052
D12P210A,PT,2,2,11,1,10,along,49,PT_11_12,50,0.00081571,0.000614918,0,0.005566089,0,0.000254738,0.000486153,0.000429631,0.007595314,0.000248682,0.001168589,0.002441719,0.018710655,0.001280517,0.000277458,0.000426796,0.002326655,0.040682475,0.006698857,0.074095457,0.000116825,0.000551008,0.002482092,0.000196411,0.00129177,0.00016334,0.000383889,0,0.000264874,0.000147233,0.002215629,0.002032189,0.000406352,0.00030267,0.0002571,0.002485528,0.005393858,0.001383641,0.000983989,0.004495082,0.005580004,0,0.003538495,0.00179927,0.00430623,7.30E-05,0.000349615,0.000692486,0.004372631,0.001230566,0,3.30E-05,0.000491608,0.006486039,0.035721512,0.002341387,0.000935455,0.003380009,0.030933552,0.083419259,0.000684197,0.001203937,0.000906421,0.002068224,0,0.002616999,0.000600487,0.000946322,0.000273679,0.038833469,0.042317031,0.073820404,0.001326002,0.003250128,0.042728193,0.002118476,0.05120244,0.024462847,0.0006068,0.000362586,0.00168382,0.002221513,5.58E-05,0.00067565,0.00098051,6.78E-05,0.000940223,0.008376063,0.002152364,8.62E-05,0.000115321,0.000984376,3.53E-05,0.000287723,0.000143454,8.56E-05,0.007334649,0.008067423,0.015086817,0.028516701,0.048258161,0.000396344,0.000342914,1.36E-05,0.004573552,0.02344759,0.000326894,0.000306321,0.050714698,1.88E-05,0.004050805,0.002729829,0.012470291,2.48E-05,0,0,0.000104584,0,0.000374998,0.000224758,0.00033441,0.003031511,0.000416875,0.000526655,0.000441743,0.00014311,0.000219304,5.45E-05,0.000484951,3.67E-05,0.001050347,0.000472581,0.000148479,0.000125157,0,0.000427827,0.000173304,0.000365334,0.001489084,0.009669079,0.009722895,0.003911432,0.000111799,0.000157713,0.000368985,0.001549772,0.004344928,0.01489702,0.028738282,0.021246091,0.00162283,5.03E-05,0.000117125,0.000217715,0.000327796,0.000215395,1.71E-05,0.000384233,0.000424649
D12P23A,PT,2,2,11,1,3,along,49,PT_4_12,50,4.14E-05,0.003170712,0.000113649,0.006574634,0,0.000437626,0.000542731,0.00016825,0.004753377,4.25E-05,0.000295594,0.001004,0.01708217,0.000918793,4.04E-05,0.000103935,0.001489673,0.028824457,0.003779808,0.100955299,0.000238476,0.000317247,0.001785559,0,0.000889239,0.000390341,0.000961631,5.62E-05,0.000466185,0,0.000482103,0.001721654,0.000155258,0.00017141,0,0.000647251,0.003838505,0.002307808,0.001231884,0.006025992,0,0,0.003005564,0.00136666,0.002848082,3.28E-05,0.00019359,0.000299515,0.002009054,0.00211574,0,0,0.000298227,0.003704256,0.030798398,0.00073878,0,0.003929214,0.01940771,0.075210319,0.001132514,0.000965786,0.000247313,0.000930848,0,0.001562006,0.00037214,0.001346821,0.000285879,0.022018661,0.090659495,0.091859778,0.001499563,0.001859941,0.018768944,0.001033261,0.077951247,0.060477859,0.000769562,0.000554319,0.000727251,0.001659503,6.32E-05,0.000368161,0.000165441,0.000132435,0.003615186,0.038061074,0.001994775,0.000208338,0.002816129,0.006224557,0.002322556,0.000848566,0.001831675,0,0.003351135,0.008963554,0.00946532,0.01231744,0.046173662,0.000108265,0.000228762,0,0.001487683,0.007184842,0.00018885,0,0.040624154,0,0.003065783,0.001010555,0.006520209,0,0,0,0.000168894,0,0.000616527,0.00066709,0.000368395,0.00369577,0.000916569,0.001103663,0.000777287,0.000226714,0.000187621,0.000797945,0.000572929,3.82E-05,0.001938653,0.001031155,0.000205119,0.000167197,0,0.000587208,0.000285938,0.00067581,0.00148265,0.006176745,0.016766679,0.014328659,0.000191425,0.00022133,0.000319529,0.000533602,0.001330143,0.002572327,0.008945646,0.01587147,0.001372688,0,0.000103935,0.000167607,0.000225016,9.20E-05,0,9.97E-05,0.000161579
D12P24A,PT,2,2,11,1,4,along,49,PT_5_12,50,4.04E-05,0.001155314,6.15E-05,0.00593285,0,0.000400984,0.000368447,0.000123097,0.002755526,0.000115546,0.000138944,0.000391794,0.015558015,0.001134996,0.000118527,0.000397358,0.002119475,0.049835374,0.003589734,0.085695508,0,0.000248678,0.00126783,0,0.00203438,0.000312561,0.000201337,0,0.000299695,0,0.001766279,0.001904427,0.000203175,0,0.000307445,0.000745785,0.003280054,0.00217377,0.00121716,0.006552061,0.005270669,0,0.00361646,0.001188547,0.003610946,4.81E-05,0.000430094,0.000385833,0.003241605,0.00273491,0,0,0,0.003036592,0.034131262,0.001239217,0,0.00273958,0.020333713,0.084439253,0.00122029,0.001166094,0.000391695,0.00067301,0,0.000831377,0.000400736,0.001261919,0.000277192,0.019235427,0.064986443,0.08240537,0.001368175,0.001930607,0.024921189,0.00093063,0.077495894,0.044134312,0.0003372,0.000284643,0.000388069,0.00142108,0.000119222,0.001386754,0.000397358,0,0.003566188,0.038897074,0.002806394,0.000463725,0.002786424,0.00581025,0.001860017,0.000453393,0.00153002,0.000899731,0.003922762,0.008180638,0.008550873,0.013239638,0.03723745,5.22E-05,3.54E-05,9.03E-05,0,0.006658467,0.000206205,0.000181814,0.032140994,0,0.004214211,0.001001815,0.000410472,3.25E-05,0,0,0.000118129,0,0.000423537,0.000687813,0.000648818,0.005523371,0.00061479,0.001311644,0.000527906,0.000754926,0,0.000352848,0.000225678,0.00179206,0.004626521,0.002206706,0.000172326,0.000166414,0,0.000284494,0.000623384,0.002179285,0.001487298,0.006940279,0.017103931,0.020999669,6.30E-05,0.00039398,0.000167011,0.000299496,0.000436652,0.005861019,0.027486009,0.029879049,0.001747998,4.11E-05,7.29E-05,0.000254738,0.000304514,9.01E-05,0,0.000165719,0.000876334
D12P26A,PT,2,2,7,1,6,along,49,PT_7_12,50,0.000151503,0.00163499,0,0.006954217,0,0.000271836,0.000393619,5.78E-05,0.005186104,0.000152202,0.00032257,0.001021076,0.015486564,0.001375946,0.000139142,0.000114259,0.001290493,0.042781743,0.004434928,0.092713598,0,0.000380075,0.001743284,6.88E-05,0.000798685,0.00025109,0.00067803,3.67E-05,0.000386471,0,0.000706622,0.002048763,0.000217178,0.000158651,0.000187995,0.001205471,0.004498883,0.001673739,0.000747843,0.003978967,0,0,0.002332529,0.000987379,0.002932148,3.05E-05,0.000161392,0.00033751,0.002174792,0.000816474,0,0,0.000353042,0.004291164,0.027910168,0.001566037,0,0.004521939,0.018124465,0.067006653,0.000850494,0.001068371,0.000496968,0.000892951,0,0.001490259,0.000411569,0.001138022,0.00025539,0.030484221,0.088663851,0.090726211,0.001316451,0.00214749,0.027714326,0.001850234,0.078432022,0.047174053,0.000650191,0.000456338,0.000789978,0.001707652,0.000129845,0.000616547,0.000252595,7.10E-05,0.008944722,0.011726065,0.002941123,0.000755367,0.000550497,0.001875654,0.000488208,0.000300212,0.000391308,0,0.00574923,0.011085064,0.017529039,0.01611859,0.040939947,5.87E-05,2.69E-05,6.06E-05,0,0.016736642,0.000294945,0.000280542,0.050753059,7.21E-05,0.004527583,0.001562705,0.007905265,0,0,0,0.00015548,0,0.000445428,0.00040297,0.000217124,0.003487857,0.000703612,0.000682652,0.000508146,0.000140486,8.39E-05,0.000426187,0.000474073,3.73E-05,0.002030168,0.000616924,7.02E-05,9.80E-05,0,0.00048149,0.000328911,0.001794931,0.003586047,0.007249754,0.013044021,0.008108954,0.000165907,0.000530343,0.002740766,0.002726901,0.002943165,0.004404886,0.012561134,0.016899808,0.001453498,6.74E-05,0.000141991,0.000143764,0.000183588,0.00010867,0,0.000160855,0.000335629
D12P28A,PT,2,2,11,1,8,along,49,PT_9_12,50,0.000256233,0.002383356,0,0.007139103,1.43E-05,0.000330018,0.000493015,0.000271387,0.008796574,0.000221242,0.000384295,0.001266785,0.018775514,0.001711859,2.66E-05,0.000174514,0.001937179,0.0220866,0.00560589,0.095058228,0.000110098,0.00060405,0.002616336,0.000100014,0.001122137,0.000231933,0.000495054,0,0.000274914,0,0.001655929,0.003272128,0.000313652,0.000214905,0.00039504,0.001507809,0.00561366,0.001847911,0.001112769,0.005156132,0.005545,0,0.004116761,0.001213775,0.003231461,4.49E-05,0.00018548,0.000327924,0.00212817,0.001743379,0,0,0.000349359,0.006013604,0.038258012,0.001863285,0.000829866,0.001997133,0.024902743,0.073727709,0.000809918,0.000978867,0.000838682,0.001538723,0,0.001839039,0.000393718,0.000639151,0.000178812,0.026620829,0.078265244,0.074541264,0.001086209,0.001830774,0.025302853,0.002360874,0.089733974,0.044218496,0.000502989,0.000326987,0.000855875,0.001932661,0.000132139,0.00089869,0.000539027,6.96E-05,0.001026862,0.008392552,0.00263193,0.000152748,0.000468935,0.001417494,0.000439454,0.000343077,0.000343738,0,0.008491243,0.009365688,0.022288556,0.020222489,0.040306391,4.32E-05,5.54E-05,0,0,0.021722694,0.00031558,0.000294531,0.056026501,1.92E-05,0.003137399,0.002095162,0.006511358,9.53E-06,0,0,0.000102659,0,0.000359884,0.000285383,0.00011952,0.004234463,0.000448381,0.000344069,8.85E-05,7.29E-05,0.000133407,9.94E-05,0.000977324,4.63E-05,0.000669954,0.000461661,6.67E-05,0.000103155,1.16E-05,0.000783248,0.000156495,0.000425017,0.001153381,0.00532238,0.011513475,0.007056888,9.56E-05,0.000147899,0.000210993,0.000478137,0.001178563,0.004143597,0.012700579,0.018726527,0.002677336,4.89E-05,7.92E-05,0.000107067,0.000209175,0.000129219,0,0.000408816,0.001009449
D13B13A,B73,3,1,5,3,3,along,40,B73_4_6,40,7.75E-05,0.001771287,0,0.005773836,0,0.000493568,0.000541479,9.76E-05,0.010257336,7.03E-05,0.000310712,0.000557,0.016751396,0.000725752,2.08E-05,0.000155073,0.001178071,0.037747304,0.004042167,0.122262281,0.000102697,0.000153584,0.001240865,0.000100003,0.000748573,0.000249477,0.000562174,0,0.000659555,0,0.001149367,0.001122293,0.000169673,0.000243098,0.00013055,0.001286933,0.003571137,0.001830042,0.000902441,0.005152482,0.003434563,0,0.001759097,0.000797122,0.001217618,2.59E-05,8.88E-05,0.000126581,0.003469149,0.001410538,0,0,0.000167405,0.004063429,0.041522063,0.001121938,0.000669194,0.003842231,0.026348114,0.094400649,0.000557709,0.000832772,0.000878769,0.001361706,0,0.000803571,0.000138913,0.000678833,0.000153797,0.004755586,0.093594739,0.099506213,0.000582231,0.000786774,0.019143824,0.000436301,0.070278197,0.019639306,0.000400935,0.000295404,0.00113668,0.001950316,7.29E-05,0.000426308,0.000168326,0.00011106,0.001318614,0.013319597,0.003133206,0.000202629,0.000677841,0.001669796,0.000326588,0.000546298,0.000477267,0,0.004961759,0.005732941,0.008136994,0.012745941,0.031042111,0,0.000149828,0,0.000846734,0.017611525,0.000276197,0,0.052044114,0.000166483,0.003240155,0.002963462,0.006589385,2.67E-05,0,0,0.000147347,0,0.000574293,0.000549558,0.000231759,0.002269958,0.000838016,0.000614975,0.000867854,0.000251249,0.000255147,0.000241964,0.000499734,8.75E-05,0.002580883,0.000980403,0.000130834,0.000142386,0,0.000936531,0.000453453,0.000967078,0.001614301,0.010686763,0.014177671,0.005587082,0.000229845,0.000359332,0.000549488,0.001477231,0.002337147,0.009674325,0.028555773,0.015756464,0.000896984,0,0.000109713,0.000145009,0.000197739,0.000167263,0,4.93E-05,0.00023757
D13B14A,B73,3,1,5,3,14,along,40,B73_5_6,40,0.000493277,0.001601622,0,0.009740827,0,0.000646379,0.000754541,0.000188602,0.009297476,0.00017165,0.000394289,0.000238329,0.015578915,0.001144177,3.75E-05,0.000365836,0.001201948,0.02260725,0.004182817,0.114691854,0.000150842,0.000346025,0.001059615,9.94E-05,0.001128155,0.000202895,0.000365969,0,0.000515947,0,0.001254466,0.001104622,0.000258937,0.000239193,0.000284665,0.00146833,0.003405141,0.002526882,0.00111692,0.009426513,0.006560519,0,0.003586431,0.001374129,0.001138925,0,4.15E-05,0.001186258,0.032194843,0.00792594,0,6.19E-05,0.000173378,0.003125396,0.02643407,0.00056215,0.000533963,0.001304858,0.018754769,0.119365422,0.000422144,0.001767421,0.000619721,0.000979175,0.000172315,0.00108614,0.000183948,0.00036198,0.00013369,0.00350865,0.113139228,0.073038456,0.000509166,0.000569463,0.0072537,0.000276754,0.033407759,0.010657046,0.000307733,0.000310392,0.000776213,0.001326397,7.74E-05,0.000417557,0.000252821,0.00011235,0.000331932,0.002384749,0.002383286,0,0.000237132,0.000197244,5.69E-05,0.000127906,0,0,0.004841096,0.007016169,0.010192688,0.012597713,0.027439505,0.00059386,0,0,0,0.023827812,0.000430853,0.000295634,0.050020296,0.000223836,0.002876697,0.003513503,0.012496266,0.000118666,0,0,0.000164669,0,0.0006626,0.000668716,0.000569928,0.002889594,0.000915554,0.001035284,0.000432714,0.000323821,0.000118267,0.000120062,0.000426399,0.000250893,0.002298991,0.001028436,0.000238395,0.000128837,0,0.000535824,0.000403929,0.001427313,0.002654323,0.013925639,0.014821914,0.008221108,0.000152238,0.0001775,0.000510495,0.00164716,0.003113696,0.016726017,0.043724897,0.027094543,0.004424337,9.46E-05,0.000136815,0.000201034,0.000319899,0.000187538,0,0.000146122,0.000592331
D13B16A,B73,3,1,5,3,6,along,40,B73_7_6,40,0.002107888,0.000813984,0,0.006580412,0,0.000508879,0.000625052,6.49E-05,0.007070781,0.000181707,0.000403879,0.000407326,0.017819166,0.000998471,0,0.000229843,0.001379783,0.020871553,0.004455903,0.095882964,0.000199438,0.00019577,0.000839164,0.000134626,0.000814596,8.97E-05,0.000403046,0,0.000438509,0,0.004157746,0.001681386,0.000309496,0.000220005,0.000191434,0.002443621,0.005660983,0.002290763,0.001329478,0.008965668,0.006839882,0,0.003436199,0.000722325,0.001932963,0.000105111,0.000428448,0.006117501,0.095759121,0.038190122,0,4.26E-05,0.000186709,0.003493118,0.031522053,0.000899474,0.000531002,0.001330646,0.020241054,0.08584084,0.00011734,0.001070675,0.00019388,0.000934826,0,0.003269445,7.50E-05,0.000520552,0.000183652,0.007042155,0.094880769,0.059846143,0.000857785,0.0008858,0.00825018,0.000849503,0.041423937,0.009817617,0.000240404,0.000248965,0.001020649,0.000973791,3.86E-05,0.000211,0.00014163,0.000145188,0.000649064,0.00420844,0.000974236,8.50E-05,0.000321558,0.000463466,0,0.000244295,7.11E-05,5.51E-05,0.004599757,0.007226085,0.004076759,0.010886958,0.035422497,0.000243628,2.47E-05,0.000178205,0,0.023305835,0.000451905,0.000334454,0.054112178,0.000207665,0.00367577,0.002708149,0.000375364,0,2.52E-05,0,7.12E-05,0,0.000233401,0.000140685,0.000180706,0.002095604,0.000421444,0.000493816,0.000431727,0.000268586,0.000667574,0.000565465,0.000476473,0,0.002099995,0.000604207,0.000487924,0.000396876,2.21E-05,0.000726438,0.000224952,0.001261887,0.002957558,0.017938563,0.016039006,0.00488185,7.99E-05,0.000473805,0.002204717,0.002699033,0.002507766,0.016040062,0.030563604,0.012512871,0.000616825,8.78E-05,0.000200105,0.000189878,0.000197271,0.000107501,2.07E-05,0.000714932,0.000541118
D13B23A,B73,3,2,5,3,3,along,40,B73_4_6,40,7.25E-05,0.002158798,0,0.007321303,2.15E-05,0.00061303,0.000758676,9.26E-05,0.017496052,4.15E-05,0.000151981,0.000322906,0.028318644,0.00039493,6.64E-05,0.000462709,0.001701317,0.031352919,0.002910094,0.106099782,0.000254081,7.00E-05,0.000912257,9.59E-05,0.001628678,0.000564379,0.00071962,0,0.000572682,0,0.001320103,0.001908408,0.000105114,0.00013722,0.000122028,0.000970872,0.003693126,0.001546383,0.001221078,0.008601488,0.002710753,0,0.003230417,0.000850443,0.001476636,3.17E-05,0.000141525,7.33E-05,0.001081644,0.000801484,0,0,0.000171233,0.004265624,0.076778036,0.00070412,0.000334654,0.004157251,0.016267593,0.099867073,0.000509885,0.000948422,0.000428266,0.001262718,0,0.001500315,0.000219699,0.000516281,0.000122766,0.005693608,0.097562198,0.092887375,0.000405017,0.000586829,0.012029708,0.000135252,0.066412434,0.033966,0.000302732,0.000271979,0.000970257,0.001643071,0.000105175,0.000713654,0.000273148,0.000113602,0.002768692,0.02619964,0.000961154,0.000422546,0.002618679,0.003552462,0.001141612,0.000631974,0.00189912,0.000681179,0.004133386,0.005875789,0.003699831,0.00866201,0.019493951,5.39E-05,8.83E-05,0,0.001232026,0.023337029,0.000278315,0.000182611,0.025195617,0.000101239,0.001853975,0.000604788,0.003144001,7.07E-05,0,0,0.000126395,0,0.000618258,0.000380353,0.000479439,0.002403531,0.000343511,0.000904322,0.000732598,0.000356796,0.000108743,0.000174246,0.000314542,0.000300887,0.00232345,0.001102679,0.000150136,7.99E-05,0,0.000388656,0.000331025,0.001217449,0.001815718,0.006472889,0.011184739,0.014582145,8.94E-05,0.000264107,0.000317924,0.000638309,0.000931324,0.00414212,0.019426356,0.022008192,0.008101875,6.16E-05,6.57E-05,7.82E-05,0.000191468,9.33E-05,0,3.46E-05,0.000453914
D13B24A,B73,3,2,5,3,4,along,40,B73_5_6,40,5.86E-05,0.001636022,0,0.006404159,0,0.000539305,0.000600123,8.80E-05,0.017469431,0.000137246,0.00040849,0.001219477,0.022687457,0.000870743,2.33E-05,0.000458319,0.000671181,0.024491383,0.003633018,0.107716105,0.000151295,0.00023634,0.001137554,0.000273055,0.001579263,0.00047549,0.00076478,0,0.00056884,7.41E-05,0.001750477,0.001657065,0.000177021,0.000255634,0.000233842,0.000978891,0.004529237,0.002587502,0.001008676,0.00819872,0.006350647,0,0.003215473,0.001164092,0.001193002,3.56E-05,6.13E-05,0.00010409,0.001785881,0.001061751,0,0,0.000213736,0.003970825,0.062081187,0.000766466,0.000631468,0.000962407,0.016621541,0.110254591,0.000582639,0.001186945,0.000509645,0.001473613,0,0.000994064,9.17E-05,0.000415859,0.000110021,0.005101698,0.100238332,0.098887354,0.000476551,0.000618106,0.008731531,0.000418606,0.050577641,0.022049245,0.000253574,0.000356789,0.000865935,0.001651258,0.000107836,0.00044302,0.00027624,0.000118763,0.004017905,0.012291805,0.003076854,0.000378206,0.00068779,0.00134898,0.000365718,0.000401247,0.000439836,9.24E-05,0.004687837,0.007036501,0.004789304,0.01111204,0.030429169,8.07E-05,0.000116328,0,0.001647075,0.024833249,0.000349546,0.000204308,0.044928209,0.000111395,0.001922191,0.001166714,0.004819214,0.000115704,0,0,0.000155728,0,0.000603869,0.000320199,0.00035885,0.002284787,0.000606866,0.000714765,0.000362784,0.000324382,0.000109522,0.000167155,0.000612611,8.59E-05,0.002146979,0.000820977,0.000253262,0.000107212,0,0.000800184,0.000344488,0.00079931,0.001511452,0.010623562,0.011506419,0.008160256,0.000198688,0.000280174,0.000379081,0.00103821,0.002325498,0.010028373,0.031927009,0.0224292,0.002426653,7.45E-05,0.000103652,0.000153668,0.000218856,0.000164096,0,0,0.000259631
D13B26A,B73,3,2,5,3,6,along,40,B73_7_6,40,0.005806735,0.000176715,0,0.007785598,4.84E-05,0.000537555,0.000685962,1.96E-05,0.005386388,0.000148467,0.00031657,0.002440649,0.016324857,0.00063308,0,0.000804917,0.001286397,0.012095973,0.005818239,0.103865196,0.000113835,0.000199964,0.000795039,3.50E-05,0.000332591,5.02E-05,0.00026947,5.72E-05,0.000277902,0,0.001428661,0.000783956,0.00024068,0.000150636,0.000152142,0.003395057,0.003606826,0.000531652,0.00110137,0.007169142,0.00490021,0,0.002273088,0.000697887,0.004439991,4.28E-05,0.000333615,0.005302005,0.078135571,0.005724279,0,0,0.000144312,0.003128779,0.017321366,0.000943145,0.000381679,0.002759447,0.019637579,0.101613248,0.000257424,0.001283687,0.000309704,0.000625912,0.000102873,0.005605626,0.000516474,0.001304044,0.000305789,0.02126524,0.081080588,0.066366708,0.000576945,0.002185514,0.0267751,0.001740593,0.064215887,0.009304544,0.000492864,0.001058245,0.002383008,0.001010362,6.29E-05,0.000216769,0.000193038,0.000124978,0.003711145,0.011614674,0.002611462,0.000218636,0.000406193,0.000571404,0,0.000300428,0.000105945,0,0.004774931,0.00406578,0.006636346,0.015617935,0.027765466,0.000462327,3.63E-05,0,0.000970249,0.013729959,0.000399748,0.000436007,0.045450562,0,0.001883339,0.001737943,0.000322412,0,0,0,0.000156117,0,0.000368308,0.000372102,0.000271939,0.001154493,0.000603145,0.000708669,0.000637778,0.000314402,0.000606217,0.000555865,0.000520811,6.11E-05,0.00672386,0.000857618,0.000352768,0.000374873,5.69E-05,0.000510029,0.000342409,0.001369876,0.00880114,0.025299159,0.012502106,0.001789801,0.000175571,0.000309403,0.000742759,0.00317618,0.008061392,0.024256092,0.024657165,0.006240151,0.000221105,4.74E-05,0.000158646,0.000206108,0.000156599,0.000142746,0,0.000291514,0
D13C13A,CML312,3,1,7,2,3,along,40,CML312_4_8,40,8.27E-05,0.001827465,0,0.006202231,0,0.000383523,0.000521697,7.59E-05,0.010119331,1.34E-05,0.000295202,0.000474945,0.018363224,0.000918027,1.46E-05,0.000637613,0.001651584,0.047113641,0.002425491,0.087664853,0.000194989,6.51E-05,0.001833411,0.00029078,0.002251693,0.000306026,0.000811156,0,0.000415843,0,0.001020984,0.001898712,0.000164244,0,0.00028021,0.000330012,0.002373606,0.001191326,0.001076121,0.00665878,0.005023305,0,0.003445407,0.00074738,0.00188062,3.77E-05,0.00010067,3.23E-05,0.004202697,0.003695686,0,0,0.00033489,0.003427214,0.060120195,0.00122329,0.000643762,0.005089775,0.009438827,0.092567466,0.001126228,0.001167746,0.000342716,0.002004718,0,0.001025862,0.00042372,0.00072751,0.000172984,0.018200861,0.075749463,0.08174456,0.000972859,0.001550151,0.018575644,0.001614233,0.07758079,0.047524962,0.000320052,0.000381999,0.00065545,0.002359783,9.58E-05,0.000600922,0.000218873,8.31E-05,0.001422903,0.014378943,0.002280812,0.000291034,0.001504822,0.002736192,0.001146402,0.000263491,0.000902476,0.000193108,0.004294575,0.00986397,0.003009389,0.016349918,0.045667565,4.64E-05,3.17E-05,8.81E-05,0,0.016356423,4.11E-05,0.000199511,0.049723652,0.000158298,0.004094556,0.000431445,0.002767343,5.21E-05,0,0,0.000108242,0,0.00047525,0.000299115,0.00038144,0.003076266,0.000637918,0.000693818,0.0002982,0.000301249,0.000132279,0.000243266,0.000573582,0.000184368,0.002735988,0.002254895,0.000174966,0.000120896,0,0.000873713,0.000325438,0.001241635,0.002457099,0.007064764,0.016519752,0.018938026,0.000146051,0.000300792,0.000324015,0.00067969,0.000877016,0.002772374,0.011008645,0.012888198,0.003621695,0.000122776,0.000104228,0.000227207,0.000208862,0.000105447,0,0.000149862,0.000873967
D13C16A,CML312,3,1,7,2,6,along,40,CML312_7_8,40,0.00209749,0.001008554,0,0.005815457,0,0.000314655,0.000419935,6.70E-05,0.011610931,0.000266408,0.000680517,0.002627574,0.016575776,0.002175596,1.04E-05,0.000224442,0.001232404,0.036160419,0.00542843,0.078519315,0.000130314,0.000335274,0.003204769,7.68E-05,0.000728081,0.000271915,0.000694263,0,0.000292216,0,0.000451478,0.002143143,0.000246563,0.000121529,6.59E-05,0.000762219,0.003203767,0.001222345,0.001008417,0.00462247,0.003703902,7.43E-05,0.002635449,0.000827717,0.001971682,3.75E-05,0.000112289,0.000435911,0.012555808,0.011848345,0,0,0.000352844,0.004035353,0.050768382,0.002524161,0.001275007,0.004026933,0.010570971,0.092097786,0.001376736,0.001505366,0.000503367,0.003250513,0,0.00117701,0.00062221,0.00062972,0.000148793,0.019974309,0.075502165,0.075479953,0.001661442,0.001252795,0.017124022,0.002226665,0.061447728,0.064908526,0.00041024,0.000420663,0.001406277,0.003299534,0.000192034,0.000277013,0.00016131,3.52E-05,0.00130919,0.008999424,0.001358166,0.000162812,0.000515611,0.00240377,0.00079012,0.000446562,0.000296039,0,0.005017963,0.011645205,0.003961753,0.022533563,0.058246327,0.000253618,4.84E-05,0.000122439,0,0.029664718,0.000346653,0.0002807,0.0676087,0.000372507,0.004165166,0.000771732,0.000395766,0.000296221,0,0,0.000148338,0,0.000305643,9.98E-05,0.000183887,0.002673501,0.000456485,0.000485433,0.000314746,8.58E-05,8.08E-05,0.000329039,9.62E-05,4.10E-05,0.001474233,0.000778741,0.000122166,7.08E-05,1.66E-05,0.000485206,0.000246335,0.000438915,0.000900589,0.004952464,0.011422812,0.008507482,0.000158352,0.000211515,0.000279926,0.000457577,0.00090332,0.002123024,0.008393919,0.008854454,0.000913698,7.55E-05,8.35E-05,0.000136595,0.000205006,0.000143787,2.72E-05,0.000190532,0.000447336
D13C18A,CML312,3,1,7,2,8,along,40,CML312_9_8,40,0.002347745,0.000768355,0,0.005406043,0,0.000307742,0.000488416,0.000152578,0.008800861,2.95E-05,0.000617825,0.003536763,0.016440069,0.001392765,0.000196186,0.000275743,0.001345694,0.025066109,0.006830172,0.08414528,0.000167309,0.000111458,0.002196728,8.20E-05,0.000639629,9.43E-05,0.000322668,4.96E-05,0.000286572,0,0.00120214,0.00150315,0.000492806,0.000258866,0.000123019,0.001355011,0.00398762,0.001576171,0.001062292,0.005051425,0.004221512,0,0.002983423,0.000923274,0.002961424,4.82E-05,0.000352618,0.005831877,0.052515328,0.011372401,0,0,0.000533975,0.005778221,0.038221403,0.001670215,0.000872204,0.003558665,0.022133464,0.059260625,0.000644556,0.001871718,0.000565827,0.002545297,0.000136677,0.001248137,0.000620264,0.000943712,0.000193064,0.033174368,0.056015702,0.072408066,0.001360376,0.002639439,0.0310232,0.001763528,0.064677887,0.020864596,0.000542658,0.001629583,0.002350867,0.002565735,5.06E-05,0.000357983,0.000297986,6.95E-05,0.000181406,0.002202874,0.001758065,0.000105849,0.000140433,0.000269256,0,0.000115751,1.22E-05,0,0.005114154,0.007777201,0.00529795,0.033079495,0.058660214,0.000692992,0.000366471,0.000216722,0,0.028593166,0.000361983,0.000534853,0.065116062,0.000320132,0.003825921,0.001749187,0.005619643,0.000321839,0,0,0.000128482,0,0.00028584,0.000324765,0.000185943,0.002298235,0.000240282,0.000471978,0.000363105,0.000173407,0.0003693,0.000318229,0.000388665,5.30E-05,0.001405594,0.000525342,0.000117799,0.000154773,4.17E-05,0.000298474,0.000212039,0.000762648,0.00227848,0.009311277,0.009307521,0.002844259,0.00014414,0.000220185,0.000530024,0.001760748,0.004605494,0.011157825,0.020850499,0.01080433,0.000543292,5.91E-05,0.000155944,0.000267646,0.000314083,0.000116239,0,0.000334472,0.00033018
D13C23A,CML312,3,2,7,2,3,along,40,CML312_4_8,40,3.81E-05,0.0019399,0,0.005668444,0,0.000374805,0.000589574,0.000215025,0.012800478,3.49E-05,0.000400528,0.002261822,0.021535498,0.001151525,9.09E-05,0.000686407,0.00181529,0.06034552,0.002759697,0.088580896,0.000254816,0.000203216,0.001941697,0.00033789,0.001813288,0.00051872,0.001130629,0,0.0004434,0,0.00137492,0.002576762,0.000440473,0.000206708,0.000295532,0.000423787,0.003211672,0.001747774,0.001272644,0.005969315,0.005858773,0,0.003453087,0.001185566,0.002565569,5.93E-05,0.000234998,0.000122762,0.001324809,0.001740483,0,0,0.000394829,0.003424079,0.067140024,0.000767273,0.000907286,0.006793374,0.008141082,0.078213419,0.001392582,0.001283118,0.000343794,0.001910635,0,0.00050075,0.000549732,0.000836021,0.00020219,0.019210472,0.043127781,0.074099801,0.001353715,0.001812929,0.023154965,0.002122785,0.05884825,0.062877511,0.000366591,0.000265855,0.000798182,0.002323383,4.47E-05,0.000424146,0.000115779,6.10E-05,0.005195316,0.021710989,0.002067129,0.000978293,0.003181739,0.005761632,0.003053227,0.0009881,0.001609815,6.41E-05,0.004757205,0.0117062,0.002812632,0.018231716,0.053231508,3.59E-05,0.00019264,9.68E-05,0.000349904,0.014645034,0.000215487,0.000197466,0.053880692,0.000170716,0.004308568,0.00039524,0.002012089,0.000166147,0,0,0.000172205,0,0.000734465,0.000518104,0.000592347,0.002946279,0.000511327,0.000725325,0.000469996,0.000488428,8.17E-05,0.00026986,0.000741961,0.000112698,0.003410935,0.002602587,0.000367874,0.000128974,2.62E-05,0.000454901,0.000585261,0.001374509,0.002428123,0.006857553,0.012327196,0.017393538,0.000247423,0.000289473,0.000303695,0.000783138,0.001004684,0.003747284,0.007340898,0.009028549,0.001351353,0.000181139,0.00014258,0.000241621,0.000474155,0.000117319,0,5.59E-05,0.000546138
D13C24A,CML312,3,2,7,2,4,along,40,CML312_5_8,40,4.05E-05,0.000805868,0,0.005559013,0,0.000356635,0.000478308,8.62E-05,0.010109979,0.000158648,0.000332075,0.000344059,0.016574177,0.001121981,1.45E-05,0.000602346,0.001422939,0.048079516,0.002611239,0.092709249,0.000196267,0.000181273,0.002226282,0.000133819,0.00129557,0.000290209,0.000690429,0,0.000497602,0,0.000494592,0.001816549,0.000187078,0.000120491,0.0002908,0.000422147,0.002366764,0.001214848,0.000927917,0.00505722,0.004959946,0,0.004062877,0.000774321,0.001587929,0,0.000112107,8.56E-05,0.000699136,0.000742237,0,0,0.000367867,0.003104004,0.06692716,0.001482916,0.000924747,0.001003748,0.008021386,0.08321274,0.001357373,0.001203778,0.00039103,0.002589366,0,0.000578645,0.000454769,0.00049916,0.000155746,0.017042274,0.092412913,0.086044377,0.000987787,0.00165774,0.015747725,0.001499254,0.086160245,0.061836727,0.000280536,0.000343199,0.0006541,0.002632843,0.000121995,0.000605839,0.000127638,4.08E-05,0.001496083,0.013337322,0.001164868,0.000259899,0.001603675,0.003601498,0.001768288,0.000290747,0.000959303,0.000120007,0.003476385,0.009882541,0.00252681,0.015455689,0.050429029,0.000112268,1.51E-05,9.19E-05,0,0.012409458,6.03E-05,0.000186003,0.04937745,2.76E-05,0.003280655,0.00035943,0.001951658,0.000171277,0,0,8.61E-05,0,0.00027054,0.000162947,0.000194601,0.002429858,0.000360934,0.000465678,0.000303699,0.000144728,0.000111462,5.11E-05,0.000669416,0,0.002002606,0.002134275,0.000112107,6.90E-05,0,0.001131655,0.000223139,0.000881914,0.001869647,0.004829674,0.014905903,0.016874328,0.00010066,0.00025877,0.000206156,0.000561448,0.00083505,0.00258856,0.006419269,0.007639438,0.001578416,0.000122587,0.000123823,0.000217227,0.00051883,9.88E-05,0,3.77E-05,0.000681025
D13C26A,CML312,3,2,7,2,6,along,40,CML312_7_8,40,0.000465192,0.001007725,0,0.007048405,0,0.000464328,0.000526584,4.04E-05,0.009699771,0.000224094,0.000336597,0.001065513,0.015293272,0.002015305,4.60E-05,0.000566407,0.001085017,0.037644989,0.005478068,0.082868617,7.96E-05,0.000296486,0.002991085,4.29E-05,0.001761044,0.000231539,0.000501172,0,0.000372,0,0.001223652,0.002003776,0.000387468,0,0.000236727,0.000545799,0.003015152,0.00160622,0.001249112,0.007113591,0.006225527,0,0.004057031,0.000727331,0.002983736,5.01E-05,0.000139452,0.000502277,0.008198368,0.007318518,0,0,0.000258248,0.003310821,0.061470632,0.002180794,0.001401582,0.001612946,0.010500167,0.054569317,0.001635763,0.00147897,0.000448956,0.002791202,0,0.001953962,0.000557952,0.000774648,0.000127731,0.020627325,0.00875411,0.071610952,0.001782565,0.000923564,0.01695781,0.002590695,0.090315491,0.071684785,0.000106402,0.000456209,0.000726707,0.003202305,4.10E-05,0.000950897,0.000420518,4.29E-05,0.001117202,0.0100943,0.001906309,0.00016323,0.00074645,0.002809312,0.001211595,0.000333282,0.000240522,0.000282795,0.005012299,0.010399145,0.003487886,0.023730049,0.063761574,0.000255318,2.67E-05,0,0,0.030890572,0.000383865,0.000294949,0.057537488,0.000306477,0.004019802,0.000671897,0.004934047,0.000276262,0,0,0,0,0.000126818,0.000133111,0.000104577,0.002579743,8.87E-05,0.000194743,8.98E-05,9.00E-05,0,0.00012677,7.92E-05,0.000403465,0.001619719,0.001831803,2.45E-05,2.99E-05,2.90E-05,4.74E-05,0.000125425,0.000710615,0.001351287,0.006136562,0.01748204,0.025628239,2.14E-05,0.000117883,4.75E-05,0.000473167,0.001205494,0.005780751,0.02155108,0.021209344,0.007992432,0,2.76E-05,0.000212805,0.000299176,5.77E-05,0.000164816,0.000129316,0.000778971
D13C28A,CML312,3,2,7,2,8,along,40,CML312_9_8,40,0.000886872,0.000790228,0,0.005056059,0,0.000275539,0.000182188,0.000103962,0.009516845,0.00024098,0.000563438,0.001180666,0.017446485,0.0020294,0.000246062,0.000693177,0.001778704,0.033384317,0.007315868,0.070137673,4.22E-05,0.000427559,0.00350443,0.000132911,0.001317602,0.000183083,0.000382876,0,0.000208819,0,0.0023643,0.001544473,0.000624465,0.000217805,0.000230734,0.001024783,0.00430962,0.001269788,0.000970098,0.004002327,0.005278661,0,0.004051726,0.000971765,0.003123099,0,0.000258097,0.001085852,0.015086373,0.003986267,0,0,0.000539043,0.00600286,0.048947486,0.002824548,0.001282189,0.00283825,0.021249995,0.068259601,0.000945175,0.001459742,0.000875691,0.00369536,5.80E-05,0.001912672,0.000704887,0.001031004,0.000145759,0.035329027,0.07002314,0.065297304,0.001989759,0.00231486,0.026162003,0.002452609,0.075389297,0.031809594,0.000302739,0.001867582,0.00310151,0.004126862,8.44E-05,0.000574415,0.000207803,3.13E-05,0.001134682,0.010069752,0.00151833,4.68E-05,0.000415443,0.001967926,0.000333354,0.000439431,0.000177919,0.000162672,0.004833009,0.008646196,0.004762509,0.027305914,0.060065237,0.000395195,0.000313879,0.000198004,0,0.030299965,0.000363279,0.000422355,0.057848241,0.000278304,0.004353246,0.001302477,0.008254294,0.000359091,0,0,0.000101889,0,0.00038125,0.000325914,0.000460776,0.002343849,0.000635402,0.000903419,0.000231506,0.000263789,0.000220569,0.000224798,0.000486025,7.77E-05,0.001978212,0.000497816,0.000213698,0.00011494,1.88E-05,0.000693137,0.000281719,0.000899028,0.001967234,0.008302962,0.01308893,0.005100783,0.000146816,0.000256145,0.000412312,0.001085242,0.002316974,0.007164702,0.016587708,0.011392437,0.000671303,8.04E-05,0.000134334,0.000182432,0.000348845,0.000192149,0,0.000122218,0.000559738
D13P13A,PT,3,1,7,1,3,along,40,PT_4_8,40,0,0.000379116,0,0.012935697,0,0,0.000499755,0,0.002992438,7.05E-05,0.000196486,0.000764324,0.007042674,0.000332413,0,0,0.00074593,0.023997552,0.001829289,0.204612246,9.24E-05,0.000239844,0.001119074,0,0.000425699,0.000244502,0.000411247,0,0.001137826,0,0,0.000650016,0,0,0,0.000419249,0.000959138,0.001601509,0.000429163,0.000824404,0.001691331,6.78E-05,0.000946596,0.000332294,0.001018621,0,0.000117653,0.000143333,0.000891413,0.00083396,0,0,0.000212252,0.001164462,0.009783562,0.000653002,0,0.001604137,0.004111153,0.171847483,0.000476583,0.000631024,0.000410291,0.000754291,4.60E-05,0.000459383,0.000236619,0.000299447,0.00013318,0.011329888,0.109999111,0.154970363,0.000186691,0.001436318,0.0083267,0.000841366,0.071856011,0.044674791,0.000265047,0.000232677,0.000309122,0.001118476,0.000206519,0,7.99E-05,0.000121236,0.003422557,0.005757692,0.002536519,0.000237216,0.000438241,0.001435243,0.000407663,0.000522091,0.000788213,0,0.002143308,0.004088936,0.005122846,0.006981519,0.016161887,0.000166505,0.000123983,6.90E-05,0,0.009684304,0,0,0.035742509,0,0.00328854,0.000690627,0.002156447,8.47E-05,0,0,0.000168297,0,0.000413755,0.000376608,0.000321783,0.000742824,0.000411724,0.000669366,0.000521135,0.000125536,7.66E-05,0.000152769,0.000737568,0,0.001113818,0.000416861,8.03E-05,7.07E-05,3.28E-05,0.000832527,0.000196725,0.000553266,0.000965468,0.0019258,0.003296423,0.001941806,0.000169611,0.000188125,0.000135211,0.000206758,0.000429283,0.001369429,0.003457315,0.005056196,0.000600924,0,6.28E-05,8.06E-05,9.04E-05,4.94E-05,0,8.89E-05,4.73E-05
D13P14A,PT,3,1,7,1,4,along,40,PT_5_8,40,0,0.000395042,0,0.010672028,0,0.000390991,0.000490235,0.000204288,0.00362102,8.14E-05,9.64E-05,0.000290735,0.010262164,0.000317341,3.96E-06,0.000659171,0.001043718,0.030429748,0.003026109,0.158811151,0.000235129,7.35E-05,0.001786665,7.88E-05,0.001113777,0.000454331,0.000489959,0,0.000932598,0,0.000630631,0.00104786,0.000128796,0,0,0.00028383,0.001476966,0.001880386,0.000576406,0.003344278,0.002859383,8.86E-05,0.001849084,0.000610469,0.00117012,0,0.000165437,0.00017897,0.000955245,0.000905347,0,0,0.000242954,0.001404236,0.017625082,0.000785389,0,0.001986902,0.006372413,0.134903418,0.000704466,0.000674453,0.00016737,0.001206945,0,0.000618019,0.000237707,0.000327008,0.000167002,0.011854393,0.132138583,0.150650968,0.000164977,0.00169451,0.00935295,0.000699494,0.076969958,0.043025892,0.000281989,0.000240653,0.000345052,0.001287408,6.44E-05,0.000790268,0.000236049,0.000110107,0.000721221,0.005127998,0.002468484,0.000203367,0.000593622,0.001246532,1.02E-05,0.000434353,0.000704466,0.000164793,0.001878544,0.004435408,0.005215366,0.007283375,0.027346652,0.000144079,0.00017538,0,0,0.015820648,0.000433616,0,0.022772413,7.36E-05,0.004462843,0.000657882,0.004400148,0.000203091,0,0,0.000153469,0,0.00059445,0.000521997,0.000609917,0.001084686,0.000638549,0.001348814,0.000967582,0.000354074,7.19E-05,0.00010265,0.000453686,0.000311633,0.002096549,0.000926245,0.000122444,6.16E-05,2.03E-05,0.00059132,0.000174183,0.001094352,0.001558534,0.003013496,0.005276864,0.004435685,0.000129533,0.000335109,0.000381969,0.000498521,0.000704558,0.002550972,0.007181186,0.009598758,0.002832316,8.46E-05,8.81E-05,0.000106241,0.000149234,7.80E-05,0,0.000110291,0.000164701
D13P16A,PT,3,1,7,1,6,along,40,PT_7_8,40,0.000154106,0.001044325,0,0.006385787,0,0.000361368,0.000521286,6.20E-05,0.00558199,0.000142734,0.000422038,0.001436153,0.012078096,0.001349882,2.66E-05,0.000338322,0.001436504,0.050092719,0.004568426,0.086427105,0.000138676,0.000403652,0.0029949,0,0.00066948,0.000320136,0.000757655,0,0.000386668,6.52E-05,0.000999937,0.001468267,0.000431106,0.000238424,0.000193234,0.001087761,0.00464598,0.002002579,0.000742275,0.004018684,0.003193595,9.87E-05,0.002599865,0.000907904,0.002202025,3.80E-05,0.000171891,0.000320537,0.002339698,0.001519469,0,0,0.000136772,0.003069598,0.031538608,0.000616274,0.000889317,0.00545639,0.0148489,0.076668367,0.000954196,0.001514709,0.000617577,0.001798673,0,0.001511553,0.000435816,0.000907252,0.000227251,0.032513695,0.035560799,0.086094394,0.001264763,0.0031962,0.036977263,0.003326208,0.075146544,0.039954077,0.000666925,0.000465725,0.001441865,0.002561339,0.000495434,0.000294435,0.000310417,8.23E-05,0.001113562,0.009798166,0.003323102,0.000182012,0.00062905,0.002066255,0.000384965,0.000371488,0.000338272,0,0.004474239,0.008939911,0.01004155,0.01633866,0.052441686,6.00E-05,0.00028687,0.000166932,0,0.017986434,0.000295337,0.000252051,0.057717768,0.000361368,0.007025057,0.001154243,0.000713217,0.000282261,0,0,0.000140679,0,0.000412119,0.000485915,0.000302701,0.003035531,0.000643979,0.000904397,0.0006041,0.000228504,0.000100049,0.000177352,0.000545634,0,0.002471159,0.000939717,0.000254355,6.99E-05,0,0.000582507,0.000359665,0.000923284,0.003755461,0.014299158,0.023047238,0.009323373,0.000269686,0.000399444,0.000657456,0.00178665,0.003922643,0.008776536,0.025739386,0.025740639,0.001616512,0.000144938,0.000228203,0.000310467,0.000436116,0.000269586,0,0.000234867,0.00018617
D13P18A,PT,3,1,7,1,8,along,40,PT_9_8,40,9.09E-05,0.000258908,0,0.006551207,0,0.00019131,0.00041828,6.13E-05,0.005338792,0,0.000562287,0.002144998,0.01500214,0.001315832,1.80E-05,7.86E-05,0.001637723,0.04657429,0.007947276,0.09046631,0.000161837,0.00065081,0.004027418,0,0.000529091,0.000157747,0.000255447,0,0.000373495,9.21E-05,0.000420903,0.001405823,0.000336156,0.000376222,0.000170228,0.002654424,0.005271928,0.007114176,0.000758841,0.003314306,0,0,0.002447696,0.000969188,0.001962027,0,0.000194089,0.000435901,0.002542879,0.000704196,0,0,0.000404383,0.004076714,0.038657221,0.003037673,0.001181474,0.00802767,0.029026282,0.089585488,0.000895087,0.001593881,0.001261974,0.003867888,3.42E-05,0.001951801,0.000556728,0.000841595,0.000239714,0.026586086,0.048923762,0.083728408,0.001338172,0.003395539,0.042052551,0.002160574,0.036649884,0.015626519,0.000630253,0.001044128,0.002864718,0.003234856,0.000272648,0.000149356,0.00016598,9.14E-05,0.000772109,0.011832418,0.002016095,0.000134567,0.000510789,0.001601905,0.000182604,0.000446862,0.000250989,0,0.006093018,0.006752376,0.009558726,0.027748524,0.066190521,4.82E-05,0.000489287,0.000303956,0,0.019309967,0.000329495,0.000327345,0.063664634,7.27E-05,0.006557553,0.002242803,0.003990079,0.00041162,0,0,0.000101424,0,0.000227757,0.000210189,0.000119097,0.001478089,0.000385661,0.00033411,0.000296614,7.05E-05,0.000164407,0.000183129,0.000286807,3.38E-05,0.000997297,0.000276214,0.000143745,4.66E-05,0,0.000264991,0.000123974,0.000573929,0.003080833,0.009572518,0.012032748,0.003257144,7.86E-05,0.000184545,0.000777563,0.003156297,0.007450647,0.015453722,0.021697459,0.013145732,0.000656002,4.58E-05,0.000233473,0.000249049,0.000166452,0.000349791,0,6.44E-05,4.99E-05
D13P23A,PT,3,2,6,1,3,along,40,PT_4_7,40,0,0.001110586,0,0.009127542,3.27E-05,0.000160932,0.000373564,0.000184936,0.005513182,8.96E-05,0.000105636,0.000757818,0.011795552,0.000960733,1.24E-05,0.000410104,0.001304948,0.02957338,0.004237291,0.167642478,0.000103789,0.000105247,0.003100175,0.000132749,0.000932647,0.000207287,0.000546838,0,0.000420697,0,0.000542854,0.000951986,0.000186976,0,0.0001241,0.000831384,0.00256461,0.003323983,0.000766565,0.003688121,0.002906882,0,0.001706306,0.000513019,0.001460729,6.91E-05,0.000178327,0.000137706,0.001562867,0.000773562,0,0,0.000198444,0.002265486,0.025871751,0.000956359,0,0.002512715,0.018638075,0.171805232,0.000995815,0.000691638,0.000840422,0.002096294,0,0.000726332,0.000155879,6.56E-05,0.00016375,0.004359059,0.090533733,0.085740275,0.000611269,0.000798343,0.006354673,0.000380075,0.04061296,0.017173069,0.000241592,0.000255586,0.000245965,0.001579582,0.000102429,0,0.00025685,0.000150631,0.001011267,0.01080586,0.004042734,0.000212924,0.000639452,0.001162966,0.000365401,0.000225849,0.000490765,0.00024927,0.002615435,0.005859438,0.007639699,0.007407922,0.038455248,0,0.000165305,8.55E-05,0,0.016103494,0.000390765,0.000293876,0.03901919,0.000280951,0.003286568,0.002374912,0.013318186,3.19E-05,0,0,0.000297569,0,0.000894163,0.000709714,0.000891248,0.001551011,0.000982695,0.00153896,0.001711943,0.000617392,8.19E-05,9.55E-05,0.000995329,0.000227793,0.003675779,0.000954707,0.000307773,7.38E-05,0,0.001073365,0.00067881,0.001802127,0.002164904,0.006335043,0.011046286,0.007106272,0.000336538,0.000497956,0.00065228,0.00108561,0.001722341,0.006296365,0.026476315,0.018694634,0.002155088,0.000139552,0.00011205,0.0001379,0.000249561,0.000158211,0,0.000134401,0.000190475
D13P24A,PT,3,2,6,1,4,along,40,PT_5_7,40,0,0.001325612,0,0.005061355,0,9.27E-05,0.000377459,3.20E-05,0.006607987,0.000130187,0.000341636,0.000974776,0.020663114,0.001775784,0.000259445,0,0.002215687,0.047614278,0.005340592,0.080150378,0.000179483,0.000688058,0.004219739,0.000116666,0.000705203,0.000282072,0.000637879,4.80E-05,0.000409146,0,0.000775593,0.002076254,0.000180459,0.000272268,0.000127539,0.001220329,0.00461634,0.002715202,0.000820661,0.003893296,0.002926279,0,0.002384717,0.000953961,0.002396425,4.28E-05,0.000150398,6.05E-05,0.003342069,0.001774715,0,0,0.000266925,0.004816778,0.042686455,0.002214479,0.001272598,0.005038217,0.023933539,0.087321347,0.001524749,0.001416306,0.000735496,0.002200262,0,0.001355812,0.000303398,0.00055211,0.000168332,0.010166895,0.063865717,0.079821054,0.001080756,0.001225021,0.021447349,0.00090945,0.068479456,0.031131642,0.000485855,0.000331926,0.000703762,0.002358233,0.000110394,0.000436744,0.000168379,7.73E-05,0.002546266,0.02415456,0.003916342,0.000233937,0.001267395,0.003447167,0.000965716,0.00041119,0.000641317,7.38E-05,0.004981533,0.00901482,0.009995636,0.011846735,0.052811859,9.42E-05,0.000246342,0.000115087,0,0.018030058,0.000270317,0.000204341,0.058693643,0.000366447,0.005521981,0.001959541,0.013506502,0.00033764,0,0,0.000168936,0,0.000570276,0.000729642,0.000509597,0.003341558,0.000736146,0.001211919,0.000924922,0.000266553,0,0.000456119,0.000456398,6.24E-05,0.00229077,0.000662968,0.000257493,7.99E-05,0,0.000375693,0.000385264,0.000834089,0.001777967,0.00732671,0.017463033,0.009312735,0.000209777,0.000310832,0.000413606,0.000826237,0.001780894,0.004744111,0.020191012,0.023145123,0.001708042,0,0.000114762,0.000170284,0.000238908,0.000145659,0,8.00E-05,0.000479443
D13P26A,PT,3,2,6,1,6,along,40,PT_7_7,40,4.44E-05,0.000512295,0,0.006529127,3.19E-05,0.000228781,0.0003776,0.000161292,0.005964891,0.000130594,0.000435294,0.000747854,0.012832663,0.001448664,2.16E-05,0,0.001711675,0.039269193,0.005565193,0.098250098,9.86E-05,0.000710549,0.00460832,8.18E-05,0.000236413,0.000150186,0.000214714,0,0.000455911,0,0.000641123,0.001123917,0.000307491,0.000333063,0.000115672,0.00117022,0.00377048,0.003335755,0.000672049,0.002634318,0.002229665,0,0.001577265,0.000954879,0.001971553,4.58E-05,0.000109863,5.47E-05,0.003967994,0.000883118,0,0,0.000143693,0.002979911,0.033014011,0.002036366,0.000961201,0.001355603,0.021281743,0.0921156,0.001130637,0.001006593,0.001037234,0.002984126,0,0.000786127,0.000344795,0.000692211,0.000122279,0.012885231,0.060841911,0.094720758,0.001316874,0.001527032,0.021773763,0.001234064,0.08088361,0.025143747,0.000468669,0.00043968,0.001052782,0.002752497,2.13E-05,0.000188345,0.000169949,6.28E-05,0.000786013,0.006936742,0.003747983,9.98E-05,0.000326058,0.001155184,6.62E-05,0.000184757,0.000205431,0,0.005082969,0.00912187,0.011149123,0.01467664,0.069915656,0.000192388,4.17E-05,2.71E-05,0,0.021708495,0.000184757,0.000243475,0.057101787,6.07E-05,0.004598695,0.002497858,0.000341264,0.000339271,0,0,0.000248032,0,0.001092592,0.002016318,0.001390344,0.002175958,0.001364886,0.003370155,0.002944429,0.000738286,8.69E-05,0.000168468,0.000713397,0,0.006319881,0.001517578,0.000325374,0.000110034,0,0.000566742,0.000726838,0.001371037,0.004467532,0.008428691,0.014232746,0.005195053,0.000574545,0.000570387,0.000876227,0.001587004,0.00307713,0.008311823,0.022364369,0.016037596,0.000945824,0,0.000221321,0.000237951,0.000164709,0.000252417,0,0.000151154,7.07E-05
D13P28A,PT,3,2,6,1,8,along,40,PT_9_7,40,0.000285181,8.82E-05,0,0.006616945,0,0.000195825,0.000458536,0.000105584,0.00495678,0,0.000584457,0.001413682,0.016441045,0.001034151,9.10E-06,0,0.002091292,0.033590282,0.008371877,0.089724313,9.51E-05,0.001057245,0.005503632,8.07E-05,0.000459212,9.58E-05,0.000133878,0,0.000439084,0,0.001154039,0.000820019,0.000282788,0.00034333,0.000152603,0.002904081,0.003965694,0.00369128,0.000821527,0.002607457,0.003456914,0,0.002625869,0.001499189,0.0013728,3.56E-05,0.000166386,0.000296936,0.003222081,0.000464154,0,0,0.00030583,0.003261662,0.032144769,0.00112408,0.000954365,0.002683186,0.043520277,0.095693191,0.000844412,0.001269141,0.001699019,0.005402989,0,0.00167759,0.000294023,0.000678078,0.000181053,0.010689524,0.072754204,0.049399123,0.001216869,0.001604773,0.026946239,0.001039821,0.057030559,0.009905914,0.000446158,0.001511516,0.002595286,0.003229779,1.05E-05,0.000161445,0.000165866,7.20E-05,0.000722496,0.005362732,0.00110936,9.55E-05,0.000328143,0.000563236,7.74E-05,0.000195929,0.00013393,0,0.005017478,0.005583678,0.009320625,0.023547681,0.069261402,4.76E-05,0.000332772,0.000378958,0.002421567,0.021406926,0.000295583,0.000307078,0.064887207,9.03E-05,0.005230102,0.005279565,0.00867521,0.000508416,2.24E-05,0,0.000136687,0,0.000350716,0.000508,0.000388112,0.001367391,0.000574679,0.000803583,0.000693422,0.000217722,0.000293191,0.000171275,0.000516738,3.88E-05,0.001736103,0.000461345,0.000140692,0.000164253,2.19E-05,0.000555642,0.000258343,0.000681927,0.003073223,0.012113452,0.010785382,0.001710617,0.000172367,0.000226616,0.0008428,0.003767893,0.010509771,0.030481483,0.036571705,0.012235784,0.000381143,5.02E-05,0.000230933,0.000346763,0.00033428,0.000415106,0,0.000118639,0.000120147
D14B13A,B73,4,1,5,3,3,along,28,B73_4_4,28,7.67E-05,0.000390138,0,0.007031456,2.52E-05,0.00048239,0.000651292,0,0.009923002,2.88E-05,0.000328181,0.002471697,0.031644085,0.001796286,7.96E-05,0.000314009,0.001707219,0.035078808,0.009001649,0.112152223,0.000184244,0.000574708,0.003454421,9.89E-05,0.001119249,0.000247241,0.000873243,0,0.000544542,0,0.000856535,0.000994621,0.000460286,0.000290344,0.000210704,0.002608678,0.007092307,0.003673707,0.001377673,0.006926006,0.004413026,0,0.003557726,0.001560487,0.001892114,4.60E-05,0.000129634,0.000204788,0.002789607,0.000622296,0,0,0.000325321,0.007352356,0.04660514,0.002311703,0.001672698,0.005712424,0.04791546,0.069141476,0.001038634,0.001934567,0.0014421,0.003890133,0,0.00106828,0.000229818,0.000477709,0.000167406,0.006210677,0.10818297,0.055994456,0.000837682,0.000808166,0.013806763,0.001063794,0.036249027,0.011458134,0.000416663,0.000583484,0.001726528,0.002317554,8.00E-06,0.000156094,0.000197962,9.65E-05,0.001779968,0.013905907,0.001731339,0.000190096,0.000578933,0.001020691,0.000145432,0.000889821,0.000296325,0,0.005040133,0.007769409,0.00657364,0.01827934,0.066813,8.05E-05,3.80E-05,0.000258943,0.003006553,0.021713152,0.000195102,0.00031999,0.070517198,6.59E-05,0.003390059,0.003145223,0.008285345,6.85E-05,0,0,0.000111951,0,0.000273701,0.000206479,0.000112666,0.001874886,0.000172802,0.000113121,0.000204723,6.09E-05,0.00018691,0.000225657,8.77E-05,0,0.000714809,0.000272921,6.25E-05,0.00013256,6.75E-05,0.000380971,0.000137956,0.000359062,0.001417655,0.007693669,0.007726176,0.002201962,7.54E-05,0.000123133,8.69E-05,0.001024397,0.002767568,0.010293506,0.020994573,0.010956955,0.000628993,4.25E-05,9.15E-05,0.000130089,0.000137956,0.000203878,0,8.63E-05,7.33E-05
D14B14A,B73,4,1,5,3,4,along,28,B73_5_4,28,0.002030115,0.00051858,0,0.006734509,0,0.000519038,0.000638275,4.48E-05,0.006873761,3.78E-05,0.000395741,0.002261897,0.019287375,0.001016287,0.000128044,0.000379099,0.00106158,0.022110629,0.007789054,0.098652795,0.000176368,0.000113518,0.001682583,2.89E-05,0.000542599,0.000100937,0.000309901,0,0.000397971,0.000170363,0.000865768,0.001236918,0.000529617,0.000322712,0.000309959,0.002906062,0.006134207,0.005550661,0.001266027,0.007104457,0.004919535,0,0.002753142,0.001123343,0.001858208,0,0.000180771,0.004474384,0.079886573,0.013390842,0,0,0.000338381,0.005071598,0.031748284,0.001471045,0.000899623,0.003307693,0.026213578,0.084582046,0.000566447,0.001856835,0.000432455,0.001757157,0.000121982,0.002716427,0.000325113,0.000411238,0.000189578,0.009234022,0.080816621,0.053382195,0.00061214,0.000883554,0.009569486,0.001011197,0.036351398,0.009498802,0.000410609,0.000533392,0.001337111,0.001393041,1.97E-05,0.000138395,0.000142627,0.000100822,0.00045716,0.002300156,0.002376788,0,0.000210337,0.00016859,0,0.000139481,0,0,0.005728516,0.007083126,0.004852454,0.021809135,0.050057002,0.000465453,6.59E-05,0.000302009,0,0.018366535,0.000410609,0.000331061,0.066522896,5.72E-05,0.003464274,0.00192506,0.004315116,1.17E-05,0,0,0.000138681,0,0.00039351,0.000456017,0.000271471,0.001859008,0.00065463,0.000671501,0.000489529,0.000291544,0.000956468,0.001238634,0.00045087,4.07E-05,0.00242494,0.000673331,0.000514634,0.000616314,2.60E-05,0.000444007,0.000129531,0.000708444,0.005579541,0.0194272,0.016603088,0.003961637,0.000127758,0.000195983,0.001100582,0.00407424,0.009887394,0.021037383,0.024925877,0.010107739,0.000401517,0,0.000192094,0.000189121,0.000138738,0.000274674,0,0.000606764,3.80E-05
D14B23A,B73,4,2,5,3,3,along,28,B73_4_4,28,0.000307082,0.000335311,0,0.008466972,4.75E-05,0.000484237,0.000415534,5.64E-05,0.00779249,0.000183791,0.000189038,0.001642534,0.024630468,0.001903351,2.70E-05,0.000557042,0.001665153,0.031780143,0.008200183,0.104055613,0.000240007,0.000548295,0.003625144,0.000493044,0.001397641,0.000221188,0.000620436,4.21E-05,0.000506314,0,0.000360403,0.000915515,0.00042796,0,0.00025756,0.002055052,0.005848665,0.003122087,0.001431057,0.005877196,0.006828661,0,0.00498792,0.001631435,0.0018747,0,0.000118466,0.000337844,0.011679838,0.003289169,0,0,0.000242601,0.005661376,0.040887095,0.001550307,0.001438898,0.002447907,0.038541549,0.099789102,0.000959607,0.001790917,0.001571298,0.003389177,7.00E-05,0.000702349,0.000211477,0.000534965,8.23E-05,0.004988161,0.098252488,0.069616206,0.001030964,0.000683771,0.012276208,0.000876247,0.046691366,0.012503247,0.000278732,0.000735042,0.001781568,0.002379868,5.71E-05,0.00052652,0.00052459,9.06E-05,0.003458604,0.006255454,0.001379364,0.000106523,0.000478145,5.71E-05,0.000118466,0.000261059,0.000101999,0.000278672,0.004079704,0.006876674,0.008142338,0.018035662,0.065320562,5.98E-05,0.00019694,0.000167806,0,0.022973397,0.000401902,0.000291459,0.066549311,6.41E-05,0.003562834,0.003411857,0.01587849,0.000347917,0,0,0,0,0.000177879,0.000158939,0.000160327,0.00144288,0.000170098,0.000256112,0.000144342,0.000112977,0.000184032,0.000160085,0.000135656,0.00013831,0.000828113,0.000374397,6.62E-05,7.78E-05,9.65E-06,0.000196156,0.000148745,0.000405702,0.000779436,0.005685202,0.003987296,0.003003621,0,9.90E-05,0.000144282,0.000646916,0.001802257,0.009346959,0.022463645,0.010610391,0.001542043,3.01E-05,5.94E-05,0.00013071,0.000257138,0.000145609,4.80E-05,0.000167987,0.000204239
D14B24A,B73,4,2,5,3,4,along,28,B73_5_4,28,0.002058935,0.000335472,0,0.005729946,0,0.000371637,0.000517137,2.87E-05,0.006154174,2.70E-05,0.00038419,0.001410251,0.013286671,0.001260457,0.000161973,0.000328192,0.000853262,0.025973702,0.006914947,0.080500446,3.91E-05,0.00029268,0.002318997,0.000108962,0.000658391,0.000104762,0.000224317,0,0.000275274,7.11E-05,0.001484214,0.000959797,0.000439301,0.000243963,8.02E-05,0.002122493,0.004595716,0.004533232,0.001100491,0.004949574,0.004205927,0,0.002499729,0.00082713,0.001946054,4.32E-05,0.000322639,0.004452456,0.079644057,0.033936643,0,0,7.88E-05,0.003550709,0.026742268,0.001422617,0.001135396,0.002669868,0.023061691,0.074264236,0.00067715,0.001081919,0.000618166,0.00233029,0,0.001769102,0.000338738,0.000634359,0.000154226,0.009805819,0.076090128,0.062933278,0.00089806,0.001023215,0.015304495,0.001221679,0.062004466,0.015677952,0.000517837,0.000670384,0.002044469,0.002197109,0.000163979,0.000223057,0.000164959,0.000102009,0.000324506,0.002209102,0.001107864,9.64E-05,6.39E-05,5.76E-05,0,0.000156046,2.86E-05,0,0.006872622,0.007802368,0.005955709,0.030134411,0.054077597,0.000437574,0.000467859,0.000418208,0.000492965,0.017822284,0.000330339,0.000267061,0.059192037,0.000258942,0.004045681,0.002108633,0.006374524,0.000325766,0,0,0.000124828,0,0.000370424,0.000315266,0.000176486,0.001577077,0.000344571,0.000773139,0.000236823,0.000318253,0.000657411,0.000944305,0.000575934,5.18E-05,0.001488881,0.000613639,0.00037285,0.000405235,2.02E-05,0.000626192,0.000213071,0.000478032,0.003253549,0.013258019,0.011942684,0.002809862,0.000114608,0.000174292,0.000661144,0.002597165,0.006968145,0.016812742,0.027101212,0.009379631,0.000434494,5.70E-05,0.000134301,0.000255582,0.000255582,0.000244056,0,0.000826057,0.000257075
D14C13A,CML312,4,1,7,2,3,along,28,CML312_4_5,28,7.64E-05,0.00091241,0,0.005505217,0,0.000345597,0.000420216,4.54E-05,0.00768511,0.000172177,0.000137431,0.000957978,0.019979805,0.00118111,6.63E-06,0.000774513,0.002206198,0.049471455,0.00364736,0.089330969,0.000287601,0.000283924,0.002445693,0.00023442,0.001451519,0.000352795,0.00098009,0,0.000484685,0,0.000861715,0.002102012,0.00010776,0.000124744,0.000388318,0.00053362,0.002940165,0.001753204,0.00100132,0.004983714,0.001953603,0,0.003328587,0.00064081,0.001845636,0,0.000173524,0.000161096,0.001158066,0.001125133,0,0,0.000310281,0.003184838,0.062834839,0.00220159,0.001323874,0.00102659,0.008509852,0.062559718,0.001715506,0.001086348,0.000527199,0.003765735,0,0.001758745,0.000448748,0.000360718,0.00023095,0.019717008,0.089594542,0.083857235,0.001147865,0.001977682,0.01552013,0.001903633,0.081177485,0.06018911,0.000369624,0.000469047,0.001512881,0.003389535,6.67E-05,0.000610983,0.000220853,5.83E-05,0.001488077,0.013931233,0.001626285,0.000430935,0.002985941,0.005063719,0.002702483,0.00084763,0.00131968,0,0.003506719,0.008332755,0.002066592,0.015726484,0.054928877,7.16E-05,3.17E-05,0,0,0.01834161,0.000352122,0.000193615,0.051248065,6.95E-05,0.004577273,0.000461228,0.001768583,4.66E-05,0,0,8.82E-05,0,0.000352432,0.000282008,0.000186159,0.0019448,0.000393807,0.000764519,0.000211946,0.000218937,0.000114129,0.000360562,0.000549517,5.45E-05,0.002516635,0.003758123,5.94E-05,0.000129974,2.21E-05,0.000808275,0.000322813,0.001197525,0.003814049,0.005942314,0.013709448,0.02001802,0.000141729,0.000317169,0.000325091,0.000864977,0.001283898,0.003770914,0.006094348,0.005766875,0.001349714,0.000153639,0.000155555,0.000297957,0.000702224,0.00020159,0,6.95E-05,0.000377392
D14C14A,CML312,4,1,7,2,4,along,28,CML312_5_5,28,0.000111817,0.000227886,0,0.007381586,0,0.000392583,0.000468474,4.10E-05,0.008337135,0.000160604,0.000274016,0.002042153,0.023802089,0.001504909,1.48E-05,0.000812641,0.001939158,0.039734985,0.005848616,0.091683294,0.000121224,0.000398057,0.003982108,0.000302502,0.002989996,0.00016576,0.000546863,0,0.000479634,0,0.000775068,0,0.000200357,0,7.44E-05,0.000472407,0.002247293,0.001177217,0.001105365,0.005876305,0.005551695,6.56E-05,0.003577993,0.000597138,0.001517505,3.17E-05,0.00013079,0.000167407,0.000610478,0.000214812,0,0,0.000393699,0.005906119,0.064852361,0.00276583,0.001408026,0.001996714,0.018606678,0.093318781,0.001494599,0.0010595,0.001038455,0.006495339,0,0.001351054,0.000406454,0.000596075,0.000133394,0.036966126,0.061783976,0.088716576,0.001358123,0.001666152,0.025654195,0.003109678,0.086504306,0.03297105,0.000219649,0.001445706,0.00141722,0.004475401,0.000115591,0.000362556,0.000392636,0,0.001152876,0.010144227,0.001637294,0.000141525,0.000674092,0.002293423,0.000457207,0.000288472,0.000142535,0.000305956,0.003553174,0.008524525,0.003513103,0.020369076,0.070117285,5.78E-05,7.24E-05,0.000206416,0,0.023013044,0.000345602,0.000289109,0.043587047,0.000192864,0.004036103,0.000838098,0.002904538,0.000374035,0,0,0,0,0.000165441,0.000130577,0.000141791,0.001061254,0.000124253,0.000126964,7.36E-05,0.000149816,0,0.000202376,6.54E-05,0.000678822,0.001294774,0.001500392,0,2.58E-05,1.56E-05,3.52E-05,0.00011102,0.000755564,0.001187633,0.00305175,0.004014526,0.003372587,0,1.36E-05,1.65E-05,0.000600433,0.001077038,0.002293848,0.006441556,0.003159156,0.000755351,0,3.27E-05,0.00017235,0.000262802,1.99E-05,0.000109373,0.000101613,0.000287196
D14C16A,CML312,4,1,7,2,6,along,28,CML312_7_5,28,0.004131485,0.000210776,0,0.008909876,0,0.000790929,0.000997324,9.76E-05,0.012823495,9.43E-05,0.000708562,0.00572792,0.026644154,0.000841193,0,0.001476708,0.001891171,0.01352664,0.008469205,0,6.54E-05,0.000224079,0.001114501,0.000244631,0.000770855,9.29E-05,0.000587322,0,0.000238258,0,0.00139004,0.000757153,0.000345638,0,6.78E-05,0.0014505,0.002344985,0.000559123,0.002298385,0.010187757,0.010196838,0,0.004464218,0.00133627,0.007485185,0.000123789,0.000585728,0.006940719,0.011195515,0.001480452,0,0,0.001356583,0.008548705,0.027285803,0.001395377,9.88E-05,0.006078337,0.019633495,0.14297168,4.18E-05,0.001769214,0.000285257,0.000909142,0.000213007,0.012137875,0.001228492,0.001945179,0.00045015,0.100415833,0.055951051,0.122720594,0.000631373,0.005455727,0.040472779,0.00609387,0.077157401,0.014376436,0.00071828,0.002872404,0.003389387,0.001727075,0.000136535,0.00045485,0.000392796,0.000164415,0.001093631,0.011705329,0.002396365,0.000177399,0.000380847,0.000541996,0.000127852,0.000334725,5.07E-05,8.09E-05,0.007408553,0.00492799,0.007606744,0.026212166,0.030696458,0.000870029,0,0.000216432,0.001124538,0.04317798,0.000766394,0.001133779,0.000426013,0,0.002352314,0.001823461,0.00340508,0.000209422,0,0,0.000116301,0,0.000231806,0.000224398,0.000161627,0.001554773,0.000479146,0.00043605,0.000345558,0.000169115,0.000162822,6.05E-05,0.000615839,7.25E-05,0.00081849,0.000356551,0.000153422,7.93E-05,1.94E-05,0.001034843,0.000193411,0.000570832,0.001440543,0.00358232,0.003514849,0.000970558,7.62E-05,0.000152705,0.000558326,0.001385181,0.00273324,0.00505616,0.005787185,0.002204866,0.000185684,3.14E-05,0.000124984,0.000157564,0.000167283,9.97E-05,0,0.001130831,0.000167681
D14C23A,CML312,4,2,7,2,3,along,28,CML312_4_6,28,0.000221899,0.001208684,0,0.005848338,0,0.000322309,0.000450763,5.40E-05,0.008716044,0.000190186,0.000317557,0.002298136,0.017668715,0.001474248,0.000138664,0.00045048,0.002086871,0.048046064,0.003696253,0.08116803,0.000271869,4.92E-05,0.002721326,0.000172118,0.001677655,0.000375337,0.001073455,0,0.000370397,0,0.00092251,0.001512878,0.000203502,0.000159884,0.000214324,0.000788834,0.002719491,0.000959447,0.001043059,0.004455115,0.00434153,0,0.00278767,0.000748981,0.002042735,3.55E-05,0.000341554,0.000659393,0.013722096,0.00629943,0,0,0.000343953,0.004218582,0.061210919,0.001915129,0.001120884,0.001595361,0.015038812,0.085551202,0.001274086,0.001073643,0.00055536,0.003816707,8.58E-05,0.000490616,0.000406392,0.000796175,0.000164872,0.022522976,0.07220129,0.079417961,0.001312387,0.002559183,0.039335384,0.001682361,0.077520288,0.034757133,0.000515836,0.000309793,0.002135805,0.003377096,1.63E-05,0.000287302,0.000173859,9.29E-05,0.000930839,0.007836069,0.001737365,8.49E-05,0.000797445,0.002071673,0.000621939,0.000273234,0.000284479,0,0.004447163,0.009319539,0.003589679,0.020097563,0.055343007,3.51E-05,9.27E-06,0,0,0.023974874,0.000286879,0.000221429,0.062407274,0.000269564,0.005851067,0.000900066,0.002903184,0.000325038,0,0,0.00015405,0,0.000432271,0.000563877,0.000380748,0.002524741,0.000423472,0.00092251,0.000716938,0.00030937,0.000276386,0.000470054,0.000324474,5.91E-05,0.001684478,0.000762203,0.00016059,0.000137111,0,0.000261941,0.000256012,0.000428366,0.001176029,0.007091699,0.007286779,0.006609929,0.000133064,0.000167224,0.000342448,0.000681555,0.001236209,0.002693565,0.007911024,0.004488993,0.000226416,6.98E-05,8.30E-05,0.000111373,0.000203408,0.00011222,0,0.000197009,0.000407945
D14C24A,CML312,4,2,7,2,4,along,28,CML312_5_6,28,0.000555507,0.000248405,0,0.00630884,0,0.000305797,0.000435922,0,0.010590944,0.000184178,0.000436652,0.002511233,0.019168404,0.001747287,0.000141081,0.000262336,0.001187502,0.041436419,0.004867037,0.090005311,0.000234266,0.000378373,0.003827973,0.000197065,0.001165432,0.000107741,0.000676501,0,0.000442287,6.34E-05,0.000928975,0.000940297,0.0002183,0.000152977,0.000231866,0.000674831,0.002551669,0.001241869,0.000930593,0.003689761,0.003523532,0,0.003096323,0.00083506,0.002023397,5.85E-05,0.00010988,0.000317589,0.002870406,0.000848991,0,2.61E-05,0.00049634,0.004617432,0.053979124,0.002492607,0.001271556,0.001961883,0.017362107,0.083261332,0.001231799,0.001109605,0.00103009,0.005293411,6.37E-05,0.001131049,0.000383903,0.000842939,0.000134298,0.02924219,0.061556755,0.089532606,0.001437838,0.00254259,0.028110619,0.002098634,0.069235501,0.031458948,0.000510062,0.001723391,0.003037887,0.004104344,3.78E-05,0.000233953,0.000240787,6.15E-05,0.00140502,0.014787116,0.001471073,8.78E-05,0.000754711,0.003649587,0.000670709,0.000704414,0.000439574,5.44E-05,0.003781433,0.009333058,0.004074134,0.020304305,0.067972867,0.000305902,1.48E-05,0.000170195,0,0.02624813,0.00032432,0.000293484,0.0721813,0.000340076,0.005041876,0.001221103,0.004381393,0.000442913,0,0,0.000105289,0,0.000138733,0.000128768,0.000102315,0.001660781,0.000259884,0.000230718,0.00016289,0.000126316,0.00029818,0.000349677,0.000589577,3.18E-05,0.000716936,0.000456635,7.13E-05,0.000131324,2.54E-05,0.000719754,0.000141916,0.000392982,0.001398446,0.006289223,0.007903672,0.003468018,8.23E-05,0.000126316,0.000136385,0.00069017,0.001197676,0.003809451,0.008391613,0.003594699,0.000279449,0,8.27E-05,0.00011275,0.000196178,0.000152664,0,0,0.000205935
D14C26A,CML312,4,2,7,2,6,along,28,CML312_7_6,28,0.004292849,0.000299211,0,0.005103465,0,0.000423917,0.000624337,5.25E-05,0.010563363,0.000267999,0.000624526,0.004306658,0.017971559,0.001421476,0,0.000250927,0.001315118,0.023678932,0.007164363,0.08158006,0.000125842,0.000291124,0.002334383,4.51E-05,0.001012975,9.57E-05,0.000781911,0,0.000280152,0,0.000766068,0.000963036,0.000526586,0.000194225,0.000186138,0.001669328,0.003055335,0.000966535,0.001850217,0.00255807,0.005457439,0,0.003841833,0.001471935,0.00494154,8.15E-05,0.000447185,0.008927233,0.04610219,0.005375909,0,0,0.000884674,0.007383274,0.035755515,0.002240794,0.000895788,0.005776843,0.023473499,0.077448237,0.000619277,0.002257724,0.000576951,0.002438376,0.000137428,0.003969046,0.000993349,0.001975301,0.000289989,0.056063396,0.027822861,0.075133859,0.00122517,0.003305174,0.033270132,0.0031057,0.07622231,0.015667254,0.000310939,0.002547997,0.003457357,0.002537214,0.000107351,0.000169728,0.000311885,8.73E-05,0.000565649,0.004813523,0.002389004,9.92E-05,0.000211628,0.000450826,0.000107871,0.000222268,3.61E-05,0,0.005828437,0.007981601,0.006189363,0.033414748,0.054414876,0.001402654,0.000392469,0.00027949,0,0.033402973,0.000415641,0.000733248,0.066783387,0.000293725,0.003788347,0.001974876,0.000368114,0.000314202,0,0,9.27E-05,0,0.000268093,0.000251683,0.000126456,0.002470155,0.000479815,0.000327491,0.000311554,0.000118843,0.000474803,0.000403913,0.000429072,3.06E-05,0.000983087,0.000313682,0.00022799,0.000232625,2.32E-05,0.000461939,0.000124896,0.000385895,0.001875706,0.007048926,0.007173727,0.00079118,8.15E-05,0.000135962,0.000450164,0.001425353,0.0030193,0.00627321,0.008095998,0.003717742,0.000183489,0,0.000135158,0.000133786,9.37E-05,0.000116241,2.14E-05,0.000990843,7.14E-05
D14P13A,PT,4,1,7,1,3,along,28,PT_4_4,28,0,0.000245744,0,0.00669271,0,0.000393363,0.000492473,6.05E-05,0.005002788,0.000109267,0.000112899,0.00181304,0.016316127,0.001881432,0.000231647,0.000422234,0.001701187,0.040753198,0.007686336,0.106205217,0.000219828,0.000647171,0.005770985,0.000132722,0.000939023,9.01E-05,0.000389546,0,0.000548984,0,0.001078701,0.001044043,0.000267721,0,0.000191449,0.001331155,0.004712044,0.003314837,0.001137859,0.005338655,0.004305446,0,0.003011966,0.000871,0.001754312,3.11E-05,0.000131429,4.78E-05,0.001841295,0.000728676,0,0,0.000189294,0.002354022,0.036886792,0.003038005,0.002013476,0.002567878,0.026810422,0.072831729,0.001690045,0.001690352,0.001334048,0.005263922,0,0.002100521,0.000454245,0.00063055,0.000210224,0.014951669,0.083061688,0.097860629,0.00131558,0.001834216,0.019917583,0.001735352,0.07018961,0.026143552,0.00072332,0.000761056,0.001776227,0.003116555,2.35E-05,0.000417863,0.000422357,0.0001137,0.002009721,0.019857933,0.001681365,9.95E-05,0.000924557,0.001968107,0.000404197,0.001155896,0.000577548,0.000177413,0.00495231,0.01055807,0.008063386,0.025523836,0.078756057,0.000120902,0.0004801,0.000639476,0,0.01170504,0.000121333,0.000232324,0.05389983,0.000341592,0.004086911,0.001820796,0.000962416,0.000451229,0,0,7.26E-05,0,0.000235279,0.00018597,8.72E-05,0.00114894,0.000330511,0.000266551,0.000191757,5.86E-05,6.66E-05,0.000144172,0.000396318,0,0.000690632,0.000394717,7.76E-05,5.79E-05,4.41E-05,0.000679305,0.000132968,0.000430668,0.001155404,0.006781848,0.006144464,0.003911037,0,0.000115793,0.000282002,0.000809934,0.001759483,0.005118889,0.012767489,0.007986745,0.000556064,4.65E-05,0.00010699,0.000129582,0.000226907,0.000157345,0,0.000138508,0.000112838
D14P14A,PT,4,1,7,1,4,along,28,PT_5_4,28,2.91E-05,4.12E-05,0,0.00558799,1.97E-05,0.000242324,0.000457993,0,0.002623917,0,0.000439082,0.001514052,0.013025721,0.001896796,0.000310127,0,0.001157317,0.044857594,0.010986966,0.085625217,0.000145633,0.000842872,0.007908133,2.90E-05,0.000407662,5.65E-05,0.000469955,4.86E-05,0.000367357,0,0.00015283,0.001167194,0.000262327,0.000347602,0.000111433,0.002485978,0.004360339,0.003242979,0.00114054,0.002073005,0,0,0.002186473,0.001768983,0.00178169,0,0.000277665,0.00036016,0.002435994,0.000620998,0,0,0.000325663,0.002473618,0.033050937,0.004087886,0.00243108,0.007484042,0.036223978,0.092210696,0.001804374,0.001691849,0.0016507,0.008047115,0,0.004182393,0.00072578,0.001339978,0.000486137,0.023740681,0.053412834,0.071529042,0.001625932,0.003268542,0.039442238,0.001964451,0.067393506,0.028896985,0.000894295,0.000391431,0.003758848,0.005033604,0.000116744,0.00013645,0.00014459,0,0.001833113,0.022448701,0.00236422,0.00019373,0.000964232,0.003217863,0.000372271,0.001264332,0.000509813,0,0.005771842,0.008803073,0.007418919,0.039340038,0.077834672,0.000238998,0.000943584,0.001862746,0.005182512,0.006908957,0.000275183,0.000279849,0.047874778,0.000310524,0.005616134,0.001909553,0.002766472,0.000635591,0,0,7.89E-05,0,0.000174223,0.000191844,0.000111532,0.001302701,0.000309829,0.000272999,0.000184249,4.19E-05,0.000324918,0.000535872,0.000146327,0,0.000932167,0.00021418,8.75E-05,7.29E-05,0,0.000197899,7.64E-05,0.000312063,0.002250851,0.005883772,0.007929924,0.002566339,5.50E-05,0.00010776,0.000484102,0.001668272,0.003312321,0.006462728,0.007586739,0.004344554,0.000166083,0,0.000102648,0.000129004,8.49E-05,0.000198048,0,9.65E-05,2.70E-05
D14P23A,PT,4,2,6,1,3,along,28,PT_4_5,28,0,0.000292854,0,0.006815608,0,0.000426327,0.000612706,9.55E-05,0.006243761,1.85E-05,0.000206475,0.000445213,0.021224782,0.002344165,0.000211378,0.000567549,0.00144829,0.046696856,0.005705631,0.104430039,8.93E-05,0.000510406,0.005270527,0.00112063,0.001976432,0.000617185,0.00071107,0,0.000529232,5.81E-05,0.001643688,0.001683881,0.000640248,0.000322818,0.0001138,0.000943937,0.005397584,0.012039041,0.001931397,0.006838005,0.006981042,9.27E-05,0.004053711,0.002478788,0.001969956,3.36E-05,0.0001684,3.21E-05,0.001851555,0.000998476,0,0,0.000283593,0.002932657,0.067304937,0.003914669,0.00200464,0.001324502,0.018173481,0.091800145,0.003557772,0.001350349,0.001054771,0.007363362,0,0.00112057,0.000239949,7.12E-05,0,0.005514895,0.085407656,0.082781412,0.0009124,0.000705199,0.009012195,0.001346112,0.029336502,0.016740324,0.000299815,0.000183775,0.000983404,0.002246829,0.000104599,0.000475661,0.000390734,0.000114224,0.00303417,0.010737904,0.002166745,0.000339948,0.00097505,0.001537817,0.000418458,0.002414866,0.000485164,0.00033329,0.003239616,0.014865222,0.003729925,0.012857011,0.07119164,8.50E-05,1.85E-05,0.000364342,0.002774245,0.010657154,0.000284259,0.000182746,0.075605336,0.000335348,0.004754915,0.001102773,0.008640529,0.000401751,0,0,7.33E-05,7.89E-05,0.000691276,0.00046416,0.000626628,0.002225038,0.000771844,0.000584316,0.000824568,0.000392127,7.69E-05,0.000166039,0.000728443,0.000314585,0.003425086,0.002273826,0.000211923,6.54E-05,0,0.001018028,0.000450419,0.001717597,0.002212023,0.007382672,0.013232915,0.008680359,0.000216947,0.000367309,0.000354173,0.000901625,0.001010946,0.002855963,0.006595271,0.00511956,0.000881165,0.000137771,0.000195942,0.000317793,0.00029812,0.000181415,0,6.48E-05,0.000343398
D14P24A,PT,4,2,6,1,4,along,28,PT_5_5,28,7.76E-05,0.000108505,0,0.006167098,0,0.000118277,0.000417786,0,0.003471512,0.000209641,8.52E-05,0.001343601,0.012502133,0.002756032,1.17E-05,0.000141718,0.001148058,0.040599692,0.008422524,0.092115008,6.55E-05,0.000512301,0.005397205,0.000128529,0.000874232,0.000158325,0.000136966,0,0.000372344,0,0.001238834,0.001041528,0.000572534,0.000175306,0.000184811,0.001344402,0.005368157,0.010939012,0.001057067,0.004091463,0.004565211,0,0.003782022,0.001041742,0.002124494,2.85E-05,0.000116942,0.000335713,0.004890511,0.001670664,0,0,0.000196505,0.002841095,0.048254672,0.004838181,0.001951911,0.002314324,0.024609547,0.090597169,0.002283406,0.001082378,0.001179295,0.006008399,0,0.00213496,0.000540708,0.000702504,0.000164626,0.01607932,0.030875485,0.089358602,0.001605732,0.001581382,0.01872925,0.001809125,0.079663924,0.025264901,0.00065514,0.000880907,0.002189533,0.003367546,2.95E-05,0.000923145,0.000712116,0.000102204,0.00927545,0.011453609,0.001580101,0.000513262,0.000594907,0.001811314,0.000292835,0.000826975,0.000387776,0.000174612,0.004690482,0.013340268,0.006114501,0.0280487,0.084661551,6.47E-05,0.000674203,0.001056907,0,0.007589942,0.000256364,0.000217757,0.05605858,0.000404116,0.004103958,0.001463533,0.006905646,0.000400272,0,0,8.81E-05,0,0.000262878,0.000120466,0.000133815,0.001342853,0.000250277,0.000389218,0.000241145,0.000106262,8.91E-05,9.94E-05,0.000557369,5.80E-05,0.001094446,0.000482024,5.01E-05,6.02E-05,2.22E-05,0.000847533,0.000165534,0.000672014,0.002724901,0.009791275,0.009284208,0.004480361,5.64E-05,0.000192607,0.000387403,0.001360688,0.002616076,0.007248087,0.015746009,0.008284917,0.000876902,6.96E-05,0.000188762,0.000212738,0.000335553,0.000205102,4.77E-05,0.000104607,0.000252946
D14P26A,PT,4,2,6,1,6,along,28,PT_7_5,28,0.001545448,4.36E-05,0,0.006283098,2.12E-05,0.000258255,0.000465049,5.61E-05,0.002496529,0.000177028,0.000162881,0.00098944,0.018855372,0.000997605,1.33E-05,0.000834914,0.000673647,0.023667603,0.012330729,0.081894907,0.000236417,0.000452801,0.00329242,0.000267797,0.001227329,6.90E-05,0.000629069,0,0.000362317,0.000116405,0.00080249,0.00058416,0.000261626,0,0.000278384,0.002530567,0.003346587,0.000683854,0.001042895,0.004411082,0.005332207,0,0.004092963,0.000671748,0.004897019,6.29E-05,0.00036488,0.000916995,0.004830081,0.000546988,0,0,0.000682857,0.006389154,0.029661447,0.002986834,0.000850295,0.011331367,0.040381547,0.088263789,0.001035014,0.002006129,0.00096124,0.003561119,0,0.011818444,0.00136372,0.00402688,0.000388664,0.058549267,0.018679863,0.075299718,0.001071474,0.003603038,0.033682582,0.002939455,0.087189325,0.017762061,0.000354531,0.00430346,0.007540525,0.003864806,6.17E-05,0.000304542,0.001106272,5.94E-05,0.002305876,0.022252518,0.002503365,6.40E-05,0.000562702,0.002440937,0.000268272,0.0007619,0.000285932,0.000198296,0.005481986,0.005582582,0.008772174,0.031100886,0.067094851,0.00069088,0.000873367,0.000821004,0,0.007870655,0.00027582,0.00048157,0.051588487,0.000142752,0.003238395,0.001962548,0.006010744,0.000274349,0,0,0.000122909,0,0.000573431,0.000492631,0.000496619,0.001122175,0.000575662,0.001093027,0.000411119,0.000399583,0.000309859,0.000596265,0.000627265,5.92E-05,0.001930646,0.000697811,0.000242589,0.000233711,0,0.000786111,0.000272639,0.000858223,0.002194978,0.007357088,0.005951829,0.001440911,0.000104821,0.000112464,0.000539772,0.00193753,0.004216251,0.009383251,0.010363766,0.00330557,0.000229534,5.45E-05,0.0001118,0.00024501,0.00020461,0.000121627,0,8.40E-05,7.40E-05